Nombre Municipio,Departamento,Tipo de Nombre,Significado
Alcalá,Valle del Cauca,Origen Europeo,Nombrado por Alcalá de Henares en España  
Zaragoza,Antioquia,Origen Europeo,Nombrado por la ciudad de Zaragoza en Aragón  España 
Cartagena,Bolívar,Origen Europeo,Diferenciarla de Cartagena en España  inspiración fenicia 
Cartagena del Chairá,Caquetá,Origen Europeo,Evoca Cartagena de Indias y laguna Chairá  
Granada,Antioquia,Origen Europeo,En honor a Granada  España 
Granada,Cundinamarca,Origen Europeo,En honor a Granada  España 
Granada,Meta,Origen Europeo,Nombra original Nueva Granada  en honor a Granada España 
Nueva Granada,Magdalena,Origen Europeo,En homenaje a Granada  España 
Tenerife,Magdalena,Origen Europeo,Por Tenerife  Islas Canarias España 
Algeciras,Huila,Origen Europeo,En homenaje a Algeciras  España 
Alpujarra,Tolima,Origen Europeo,En homenaje a La Alpujarra  Andalucía España 
Almaguer,Cauca,Origen Europeo,En homenaje a Corral de Almaguer  España 
Teruel,Huila,Origen Europeo,En homenaje a Teruel  Aragón España 
Andalucía,Valle del Cauca,Origen Europeo,En homenaje a la región Andalucía  España 
Castilla la Nueva,Meta,Origen Europeo,En homenaje a Castilla-La Mancha  España 
Málaga,Santander,Origen Europeo,En homenaje a Málaga  Andalucía España 
Sevilla,Valle del Cauca,Origen Europeo,En homenaje a Sevilla  Andalucía España 
Toledo,Antioquia,Origen Europeo,Nombrado por Toledo  España 
Toledo,Norte de Santander,Origen Europeo,Nombrado por Toledo  España 
Ocaña,Norte de Santander,Origen Europeo,Nombrado por Ocaña  España 
Pamplona,Norte de Santander,Origen Europeo,Nombrado por Pamplona  España 
Valencia,Córdoba,Origen Europeo,Inspirado por la canción sobre Valencia  España 
Cáceres,Antioquia,Origen Europeo,Por Cáceres en Extremadura  España 
Segovia,Antioquia,Origen Europeo,Por Segovia  Castilla y León España 
Sopetrán,Antioquia,Origen Religioso,Por el monasterio y Virgen de Sopetrán en Guadalajara  España 
Becerril,Cesar,Origen Europeo,Por Becerril de Campos  España 
Medina,Cundinamarca,Origen Europeo,Probable referencia a Medina del Campo o Medina Sidonia  España 
Coveñas,Sucre,Origen Europeo,Por hacienda que deriva de Cobeña  Madrid España 
Lérida,Tolima,Origen Europeo,Por Lérida  España 
Manzanares,Caldas,Origen Europeo,Por Manzanares  España 
Sahagún,Córdoba,Origen Europeo,Por Sahagún  España 
Támara,Casanare,Origen Europeo,Por Támara  España 
Toro,Valle del Cauca,Origen Europeo,Por Toro  España 
Vélez,Santander,Origen Europeo,Por Vélez  España 
Miraflores,Boyacá,Origen Europeo,Por Miraflores  España 
Miraflores,Guaviare,Origen Europeo,Por Miraflores  España 
Armenia,Quindío,Origen Europeo,Homenaje al país Armenia y a la masacre armenia  
Armenia,Antioquia,Origen Europeo,Homenaje al país Armenia y a la masacre armenia  
Líbano,Tolima,Origen Europeo,En referencia al país Líbano  
Montelíbano,Córdoba,Origen Europeo,En referencia al país Líbano  
Palestina,Caldas,Origen Europeo,En referencia a la región de Palestina  
Palestina,Huila,Origen Europeo,En referencia a la región de Palestina  
Útica,Cundinamarca,Origen Europeo,Por ciudad romana Utica en actual Túnez  
Salamina,Caldas,Origen Europeo,Por isla/griega y batalla de Salamina (Grecia)  
Salamina,Magdalena,Origen Europeo,Por isla/griega y batalla de Salamina (Grecia)  
Tesalia,Huila,Origen Europeo,Por Tesalia  Grecia 
La Tebaida,Quindío,Origen Europeo,"Por región mencionada en clásico latino (""Tebaida"" de Estacio)  "
Alejandría,Antioquia,Origen Europeo,Por Alejandría  Egipto 
El Cairo,Valle del Cauca,Origen Europeo,Por El Cairo  Egipto 
Nilo,Cundinamarca,Origen Europeo,Inspirado por el río Nilo  Egipto 
Argelia,Antioquia,Origen Europeo,Por Argelia  país del norte de África 
Argelia,Cauca,Origen Europeo,Por Argelia  país del norte de África 
Argelia,Valle del Cauca,Origen Europeo,Por Argelia  país del norte de África 
Aquitania,Boyacá,Origen Europeo,Por región francesa de Aquitania  
Flandes,Tolima,Origen Europeo,Por región de Flandes (hoy Bélgica/Francia)  
Roncesvalles,Tolima,Origen Europeo,Por Roncesvalles  Francia 
Marsella,Risaralda,Origen Europeo,Por Marsella  Francia 
Versalles,Valle del Cauca,Origen Europeo,Por Versalles  Francia 
Támesis,Antioquia,Origen Europeo,Por río Támesis  Inglaterra 
Ginebra,Valle del Cauca,Origen Europeo,Por Ginebra  Suiza 
California,Santander,Origen Europeo,Por estado de California  Estados Unidos 
Filadelfia,Caldas,Origen Europeo,Por ciudad Filadelfia  Estados Unidos 
Pensilvania,Caldas,Origen Europeo,Por estado de Pensilvania  Estados Unidos 
Monterrey,Casanare,Origen Europeo,Por Monterrey  México 
Tasco,Boyacá,Origen Europeo,Por Tasco  México 
Morelia,Caquetá,Origen Europeo,Por Morelia  México 
Cajamarca,Tolima,Origen Europeo,Por ciudad Cajamarca  Perú 
Junín,Cundinamarca,Origen Europeo,Por región/batalla Junín  Perú 
Valparaíso,Antioquia,Origen Europeo,Por ciudad Valparaíso  Chile 
Valparaíso,Caquetá,Origen Europeo,Por ciudad Valparaíso  Chile 
Copacabana,Antioquia,Origen Europeo,Por la ciudad de Copacabana en Bolivia  
La Argentina,Huila,Origen Europeo,En referencia al país Argentina  
Potosí,Nariño,Origen Europeo,Por la ciudad de Potosí en Bolivia  
Florencia,Caquetá,Origen Europeo,En honor a Florencia  Italia 
Florencia,Cauca,Origen Europeo,En honor a Florencia  Italia 
Venecia,Antioquia,Origen Europeo,Nombrado por la ciudad de Venecia  Italia 
Venecia,Cundinamarca,Origen Europeo,Nombrado por la ciudad de Venecia  Italia 
Puerto Milán,Caquetá,Origen Europeo,Por Milán  Italia 
Palermo,Huila,Origen Europeo,Por Palermo  Sicilia Italia 
Viterbo,Caldas,Origen Europeo,Por Viterbo  Italia y homenaje a delegado papal 
Amalfi,Antioquia,Origen Europeo,Por Amalfi  Italia 
Génova,Nariño,Origen Europeo,Por Génova  Italia 
Génova,Quindío,Origen Europeo,Por Génova  Italia 
Jenesano,Boyacá,Origen Europeo,Por Genazzano  Italia 
Piamonte,Cauca,Origen Europeo,Por Piamonte  Italia 
Puerto Asís,Putumayo,Origen Europeo,Por Asís  Italia 
Belén de Umbría,Risaralda,Origen Europeo,Por Umbría  Italia (región) 
Salento,Quindío,Origen Europeo,Por Salento  Italia 
Colombia,Huila,Origen Europeo,Por Cristóforo Colombo (Colón)  Italia 
Agustín Codazzi,Cesar,Origen Europeo,Por Agustín Codazzi  geógrafo italiano 
Santa María,Boyacá,Origen Religioso,En honor a la Virgen María  
Santa María,Huila,Origen Religioso,En honor a la Virgen María  
Villamaría,Caldas,Origen Religioso,En honor a la Virgen María  
María la Baja,Bolívar,Origen Religioso,En honor a la Virgen María  
El Carmen de Bolívar,Bolívar,Origen Religioso,En honor a la Virgen del Carmen  
Carmen de Apicalá,Tolima,Origen Religioso,En honor a la Virgen del Carmen  
Carmen de Carupa,Cundinamarca,Origen Religioso,En honor a la Virgen del Carmen  
El Carmen,Norte de Santander,Origen Religioso,En honor a la Virgen del Carmen  
El Carmen Viboral,Antioquia,Origen Europeo,Origen Religioso En honor a la Virgen del Carmen 
Carmen de Chucurí,Santander,Origen Religioso,En honor a la Virgen del Carmen  
Carmen de Atrato,Chocó,Origen Religioso,En honor a la Virgen del Carmen  
Carmen del Darién,Chocó,Origen Religioso,En honor a la Virgen del Carmen  
Candelaria,Valle del Cauca,Origen Religioso,En honor a la Virgen de la Candelaria  
Candelaria,Atlántico,Origen Religioso,En honor a la Virgen de la Candelaria  
Concepción,Antioquia,Origen Religioso,Por la Inmaculada Concepción (advocación mariana)  
Concepción,Santander,Origen Religioso,Por la Inmaculada Concepción (advocación mariana)  
Remedios,Antioquia,Origen Religioso,En honor a la Virgen de los Remedios  
Socorro,Santander,Origen Religioso,En honor a la Virgen del Socorro  
Purísima,Córdoba,Origen Religioso,Por la Purísima Concepción  
Guadalupe,Antioquia,Origen Religioso,En honor a la Virgen de Guadalupe  
Guadalupe,Huila,Origen Religioso,En honor a la Virgen de Guadalupe  
Guadalupe,Santander,Origen Religioso,En honor a la Virgen de Guadalupe  
Lourdes,Norte de Santander,Origen Religioso,En honor a la Virgen de Lourdes  Francia 
La Jagua del Pilar,La Guajira,Origen Religioso,En honor a la Virgen del Pilar  
Villa del Rosario,Norte de Santander,Origen Religioso,En honor a la Virgen del Rosario  
El Rosario,Nariño,Origen Religioso,En honor a la Virgen del Rosario  
Altos del Rosario,Bolívar,Origen Religioso,En honor a la Virgen del Rosario  
Santa Rosa de Osos,Antioquia,Origen Religioso,En honor a Santa Rosa de Lima  
Santa Rosa de Viterbo,Boyacá,Origen Religioso,En honor a Santa Rosa de Viterbo  Italia 
Santa Rosa de Cabal,Risaralda,Origen Religioso,En honor a Santa Rosa de Lima y prócer José María Cabal  
Santa Rosa,Cauca,Origen Religioso,En honor a Santa Rosa de Lima  
Santa Rosa,Bolívar,Origen Religioso,En honor a Santa Rosa de Lima  
Santa Rosa del Sur,Bolívar,Origen Religioso,En honor a Santa Rosa de Lima  
Santa Bárbara,Antioquia,Origen Religioso,En honor a Santa Bárbara  
Santa Bárbara,Santander,Origen Religioso,En honor a Santa Bárbara  
Santa Bárbara,Magdalena,Origen Religioso,En honor a Santa Bárbara  
Santa Bárbara,Nariño,Origen Religioso,En honor a Santa Bárbara  
Santa Helena del Opón,Santander,Origen Religioso,En honor a Santa Helena de Constantinopla  
Santa Marta,Magdalena,Origen Religioso,En honor a Santa Marta de Betania  
Santa Catalina,Bolívar,Origen Religioso,En honor a Santa Catalina de Alejandría  
Santa Isabel,Tolima,Origen Religioso,En honor a Santa Isabel (Hungría)  
Santa Lucía,Atlántico,Origen Religioso,En honor a Santa Lucía  
Santa Rosalía,Vichada,Origen Religioso,En honor a Santa Rosalía de Sicilia  
Santa Sofía,Boyacá,Origen Religioso,Nombrado en honor a la esposa de Rafael Reyes y alude a santa Sofía  
Santa Fe de Antioquia,Antioquia,Origen Religioso,Por la fe cristiana  nombre colonial 
Buenaventura,Valle del Cauca,Origen Religioso,Por San Buenaventura  santo franciscano 
Trinidad,Casanare,Origen Religioso,Por la Santísima Trinidad  
Providencia,San Andrés,Origen Religioso,En alusión a la Providencia divina  
Providencia,Nariño,Origen Religioso,En alusión a la Providencia divina  
Los Santos,Santander,Origen Religioso,Por pluralidad de santos católicos  
El Calvario,Meta,Origen Religioso,Por el Calvario de Jesús  
La Capilla,Boyacá,Origen Religioso,Por una aparición de la Virgen de la Candelaria  
La Cruz,Nariño,Origen Religioso,En referencia a la cruz de Cristo  
Santacruz,Nariño,Origen Religioso,En referencia a la cruz de Cristo  
Campo de la Cruz,Atlántico,Origen Religioso,Por la cruz cristiana  
Santa Cruz de Lorica,Córdoba,Origen Religioso,Por la cruz cristiana  
Santa Cruz de Mompox,Bolívar,Origen Religioso,Por la cruz cristiana  
La Esperanza,Norte de Santander,Origen Religioso,Por el valor teologal cristiano  
Teorama,Norte de Santander,Origen Religioso,Por el valor teologal cristiano  
Jericó,Antioquia,Origen Religioso,Por ciudad bíblica de Jericó  
Jericó,Boyacá,Origen Religioso,Por ciudad bíblica de Jericó  
Betulia,Antioquia,Origen Religioso,Por ciudad bíblica de Betulia  
Betulia,Santander,Origen Religioso,Por ciudad bíblica de Betulia  
San Juan de Betulia,Sucre,Origen Religioso,Por ciudad bíblica de Betulia  
Jerusalén,Cundinamarca,Origen Religioso,En honor a la ciudad bíblica Jerusalén  
Jordán,Santander,Origen Religioso,Por el río bíblico Jordán  
Belén,Boyacá,Origen Religioso,En honor a la ciudad bíblica Belén  
Belén,Nariño,Origen Religioso,En honor a la ciudad bíblica Belén  
Belén de los Andaquíes,Caquetá,Origen Religioso,En honor a la ciudad bíblica Belén  
La Playa de Belén,Norte de Santander,Origen Religioso,En honor a la ciudad bíblica Belén  
Betania,Antioquia,Origen Religioso,Por el pueblo bíblico Betania  
San José,Caldas,Origen Religioso,Patrocinado por San José  esposo de la Virgen María 
San José de Albán,Nariño,Origen Religioso,Patrocinado por San José  
San José de Miranda,Santander,Origen Religioso,Patrocinado por San José  
San José de Pare,Boyacá,Origen Religioso,Patrocinado por San José  
San José de Uré,Córdoba,Origen Religioso,Patrocinado por San José  
San José de la Montaña,Antioquia,Origen Religioso,Patrocinado por San José  
San José del Fragua,Caquetá,Origen Religioso,Patrocinado por San José  
San José de Cúcuta,Norte de Santander,Origen Religioso,Patrocinado por San José  
San José del Guaviare,Guaviare,Origen Religioso,Patrocinado por San José  
San José del Palmar,Chocó,Origen Religioso,Patrocinado por San José  
Valle de San José,Santander,Origen Religioso,Patrocinado por San José  
San Andrés,San Andrés,Origen Religioso,Patrocinado por San Andrés apóstol y patrono de Escocia  
San Andrés,Santander,Origen Religioso,Patrocinado por San Andrés apóstol  
San Andrés de Cuerquia,Antioquia,Origen Religioso,Patrocinado por San Andrés apóstol  
San Andrés de Sotavento,Córdoba,Origen Religioso,Patrocinado por San Andrés apóstol  
San Luis,Antioquia,Origen Religioso,En honor a San Luis Gonzaga  
San Luis,Tolima,Origen Religioso,En honor a San Luis Gonzaga  
San Luis de Gaceno,Boyacá,Origen Religioso,En honor a San Luis Bertrán  
San Luis de Palenque,Casanare,Origen Religioso,En honor a San Luis  
San Juanito,Meta,Origen Religioso,En honor a San Juan Bautista  
San Juan Nepomuceno,Bolívar,Origen Religioso,En honor a San Juan Nepomuceno  
San Juan de Arama,Meta,Origen Religioso,En honor a San Juan  
San Juan de Rioseco,Cundinamarca,Origen Religioso,En honor a San Juan  
San Juan de Urabá,Antioquia,Origen Religioso,En honor a San Juan  
San Juan del Cesar,La Guajira,Origen Religioso,En honor a San Juan  
Valle de San Juan,Tolima,Origen Religioso,En honor a San Juan  
Bosconia,Cesar,Origen Religioso,En honor a San Juan Bosco  
San Pedro,Sucre,Origen Religioso,En honor a San Pedro apóstol  
San Pedro,Valle del Cauca,Origen Religioso,En honor a San Pedro apóstol  
San Pedro de Cartago,Nariño,Origen Religioso,En honor a San Pedro apóstol  
San Pedro de Urabá,Antioquia,Origen Religioso,En honor a San Pedro apóstol  
San Pedro de los Milagros,Antioquia,Origen Religioso,En honor a San Pedro apóstol  
San Pablo,Bolívar,Origen Religioso,En honor a San Pablo apóstol  
San Pablo,Nariño,Origen Religioso,En honor a San Pablo apóstol  
San Pablo de Borbur,Boyacá,Origen Religioso,En honor a San Pablo apóstol  
Cantón de San Pablo,Chocó,Origen Religioso,En honor a San Pablo apóstol  
San Carlos,Antioquia,Origen Religioso,En honor a San Carlos Borromeo  
San Carlos,Córdoba,Origen Religioso,En honor a San Carlos Borromeo  
San Carlos de Guaroa,Meta,Origen Religioso,En honor a San Carlos Borromeo  
San Francisco,Cundinamarca,Origen Religioso,En honor a San Francisco de Asís  
San Francisco,Antioquia,Origen Religioso,En honor a San Francisco de Asís  
San Francisco,Putumayo,Origen Religioso,En honor a San Francisco de Asís  
San Martín,Meta,Origen Religioso,En honor a San Martín de Tours  
San Martín de Loba,Bolívar,Origen Religioso,En honor a San Martín de Tours  
San Martín,Cesar,Origen Religioso,En honor a San Martín de Tours  
San Miguel,Putumayo,Origen Religioso,En honor al Arcángel San Miguel  
San Miguel,Santander,Origen Religioso,En honor al Arcángel San Miguel  
San Miguel de Sema,Boyacá,Origen Religioso,En honor al Arcángel San Miguel  
San Rafael,Antioquia,Origen Religioso,En honor al Arcángel San Rafael  
San Vicente Ferrer,Antioquia,Origen Religioso,En honor a San Vicente Ferrer  
San Vicente de Chucurí,Santander,Origen Religioso,En honor a San Vicente Ferrer  
San Vicente del Caguán,Caquetá,Origen Religioso,En honor a San Vicente Ferrer  
San Cayetano,Cundinamarca,Origen Religioso,En honor a San Cayetano  
San Cayetano,Norte de Santander,Origen Religioso,En honor a San Cayetano  
San Sebastián,Cauca,Origen Religioso,En honor a San Sebastián  
San Sebastián de Buenavista,Magdalena,Origen Religioso,En honor a San Sebastián  
San Jacinto,Bolívar,Origen Religioso,En honor a San Jacinto de Cracovia  
San Jacinto del Cauca,Bolívar,Origen Religioso,En honor a San Jacinto de Cracovia  
Santo Domingo,Antioquia,Origen Religioso,En honor a santo Domingo de Guzmán  
Santo Domingo de Silos,Norte de Santander,Origen Religioso,En honor a Santo Domingo de Silos  
San Agustín,Huila,Origen Religioso,En honor de San Agustín  
San Benito,Sucre,Origen Religioso,En honor a San Benito Abad  
San Benito, Santander,Origen Religioso,En honor a San Benito de Palermo  
San Jerónimo,Antioquia,Origen Religioso,En honor a San Jerónimo  
San Roque,Antioquia,Origen Religioso,En honor a San Roque  
San Cristóbal,Antioquia,Origen Religioso,En honor a San Cristóbal  
San Estanislao de Kostka,Bolívar,Origen Religioso,En honor a San Estanislao de Kostka  
San Fernando,Bolívar,Origen Religioso,En honor a San Fernando  
San Eduardo,Boyacá,Origen Religioso,En honor a San Eduardo  
San Alberto,Cesar,Origen Religioso,En honor a San Alberto  
San Diego,Cesar,Origen Religioso,En honor a San Diego  
San Antero,Córdoba,Origen Religioso,En honor a San Antero  
San Pelayo,Córdoba,Origen Religioso,En honor a San Pelayo  
San Lorenzo,Nariño,Origen Religioso,En honor a San Lorenzo  
San Calixto,Norte de Santander,Origen Religioso,En honor a San Calixto  
San Gil,Santander,Origen Religioso,En honor a San Gil  
San Onofre,Sucre,Origen Religioso,En honor a San Onofre  
Santa Ana,Magdalena,Origen Religioso,En honor a Santa Ana  madre de la Virgen María 
Santana,Boyacá,Origen Religioso,En honor a Santa Ana  madre de la Virgen María 
Santa Marta,Magdalena,Origen Religioso,En honor a Santa Marta de Betania  
Santa Catalina,Bolívar,Origen Religioso,En honor a Santa Catalina de Alejandría  
Santa Lucía,Atlántico,Origen Religioso,En honor a Santa Lucía  
Santa Rosalía,Vichada,Origen Religioso,En honor a Santa Rosalía de Palermo  Italia 
Santa Sofía,Boyacá,Origen Religioso,En honor a Santa Sofía  
Santiago,Putumayo,Origen Religioso,En honor al Apóstol Santiago  
Santiago,Norte de Santander,Origen Religioso,En honor al Apóstol Santiago  
San Mateo,Boyacá,Origen Religioso,En honor a San Mateo  
San Marcos,Sucre,Origen Religioso,En honor a San Marcos  
San Bartolomé,Caldas,Origen Religioso,En honor a San Bartolomé  
Santo Tomás,Atlántico,Origen Religioso,En honor a Santo Tomás de Villanueva  
San Domingo de Silos,Norte de Santander,Origen Religioso,En honor a Santo Domingo de Silos  
Santa Cruz de Mompox,Bolívar,Origen Religioso,En honor a la Cruz de Cristo  
La Merced,Caldas,Origen Religioso,En honor a la Virgen de las Mercedes  
Nátaga,Huila,Origen Religioso,En honor a la Virgen de las Mercedes  
Andes,Antioquia,Origen Religioso,En honor a la Virgen de las Mercedes  
Caldas,Antioquia,Origen Religioso,En honor a la Virgen de las Mercedes  
Concordia,Antioquia,Origen Religioso,Por diosa Concordia y la idea de concordia  
Hispania,Antioquia,Origen Europeo,Por Hispania  nombre latino de España 
Jericó,Boyacá,Origen Religioso,Por la ciudad bíblica de Jericó  
La Unión,Antioquia,Origen Religioso,En honor a la Virgen de las Mercedes  
Montebello,Antioquia,Origen Religioso,En honor a la Virgen de las Mercedes  
Marinilla,Antioquia,Origen Religioso,En honor a la Virgen María  
La Virginia,Risaralda,Origen Religioso,Referencia a la Virgen María  
Jesús María,Santander,Origen Religioso,Doble homenaje a Jesús y la Virgen María  
Santa Rosa de Lima,Córdoba,Origen Religioso,En honor a Santa Rosa de Lima  
Dagua,Valle del Cauca,Origen Indigena,"Recibe el nombre del río Dagua, cuyo significado se desconoce"
Calima,Valle del Cauca,Origen Indigena,Designa a una antigua cultura del Valle del Cauca relacionada con 'bruma' o 'neblina' que cubre la llanura del Pacífico
Arauca,Arauca,Origen Indigena,Nombre indígena relacionado con el bramido del río al llegar a la llanura
Casanare,Casanare,Origen Indigena,'Río de aguas negras' en lengua sáliba
Nunchía,Casanare,Origen Indigena,'Río verde' en lengua sáliba
Carurú,Vaupés,Origen Indigena,Nombre de plantas acuáticas que se aferran a las rocas en los raudales de los ríos
Mitú,Vaupés,Origen Indigena,Nombre de un ave (paujil o pavo de monte) en lengua yeral o ñengatú
Meta,Meta,Origen Indigena,"'Río resplandeciente', probable origen en lengua sikuani"
Vichada,Vichada,Origen Indigena,"'Donde la sabana se convierte en selva', en lengua sikuani"
Guaviare,Guaviare,Origen Indigena,"'Río hondo', en lengua sikuani"
Caquetá,Caquetá,Origen Indigena,'Rocío de pastizal' en lengua huitoto
Guainía,Guainía,Origen Indigena,'Tierra de muchas aguas' en lengua de la etnia yurí
Putumayo,Putumayo,Origen Indigena,'Caudal de aguas tranquilas' en quechua
Tame,Arauca,Origen Indigena,Nombre de un cacique indígena local
Valledupar,Cesar,Origen Indigena,Derivado del cacique Upar
Turbaco,Bolívar,Origen Indigena,Nombre indígena derivado del cacique Yurbaco
Mahates,Bolívar,Origen Indigena,Nombre de un grupo indígena malibú
Magangué,Bolívar,Origen Indigena,Nombre indígena del río Magdalena
Mompox,Bolívar,Origen Indigena,Derivado del nombre del cacique Mompoj
Cicuco,Bolívar,Origen Indigena,Derivado del nombre de un cacique malibú
Tamalameque,Cesar,Origen Indigena,Nombre indígena de líder indígena que se enfrentó a Jiménez de Quesada
Luruaco,Atlántico,Origen Indigena,'Lugar de canoas' en lengua mokaná
Malambo,Atlántico,Origen Indigena,'Río de aguas blancas' en lengua mokaná
Usiacurí,Atlántico,Origen Indigena,Nombre indígena de origen local
Piojó,Atlántico,Origen Indigena,Nombre derivado de un cacique local
Cereté,Córdoba,Origen Indigena,Nombre indígena referente a un lugar en la región
Chimá,Córdoba,Origen Indigena,Nombre de un cacique local
Lorica,Córdoba,Origen Indigena,"Nombre de un cacique indígena, Orica"
San Basilio de Palenque,Bolívar,Origen Indigena,Nombre relacionado con cimarrones esclavos libertos
Chimichagua,Cesar,Origen Indigena,Nombre indígena
Chiriguaná,Cesar,Origen Indigena,Nombre indígena
Curumaní,Cesar,Origen Indigena,Nombre indígena
Tamalameque,Cesar,Origen Indigena,Nombre indígena
Manaure,Cesar,Origen Indigena,Nombre de un cacique indígena noble
Paz de Ariporo,Casanare,Origen Indigena,Nombre de la virgen patrona y término indígena 'are'
Ataco,Tolima,Origen Indigena,Nombre indígena pijao que significa 'lugar de laguna seca'
Ibagué,Tolima,Origen Indigena,Nombre pijao que alude a un cacique o mujer indígena
Icononzo,Tolima,Origen Indigena,Nombre pijao que significa 'laguna del tigre'
Neiva,Huila,Origen Indigena,"Nombre histórico, posible origen importado"
Suaza,Huila,Origen Indigena,Nombre que significa 'río de la tierra pequeña' en lengua local
Timaná,Huila,Origen Indigena,Nombre indígena que significa 'caliente' o 'caluroso'
Isnos,Huila,Origen Indigena,Nombre indígena
Oporapa,Huila,Origen Indigena,Nombre indígena
Pitalito,Huila,Origen Indigena,Nombre indígena de palma amazónica
San Agustín,Huila,Origen Indigena,Territorio de cultura indígena agustiniana
San Sebastián de Buenavista,Magdalena,Origen Indigena,Nombre indígena desvirtuado
Sandoná,Nariño,Origen Indigena,'Lugar de las palmas' en quechua
Tumaco,Nariño,Origen Indigena,"'Tierra de curvas o montañas', nombre indígena desvirtuado"
Ipiales,Nariño,Origen Indigena,Nombre indígena
Guapi,Cauca,Origen Indigena,Nombre indígena desvirtuado
Amagá,Antioquia,Origen Indigena,"Nombre posiblemente derivado de Omogá, un poblado cercano de indígenas nutabes"
Anorí,Antioquia,Origen Indigena,Lugares de tierras ocupadas por el cacique Norí
Apartadó,Antioquia,Origen Indigena,"Nombre indígena; significa 'puerto de bananos', en lengua embera"
Buriticá,Antioquia,Origen Indigena,"Nombre del cacique Buriticá, intentó suicidarse para evitar captura española"
Carepa,Antioquia,Origen Indigena,Significa 'papagayo' en lengua indígena embera
Chigorodó,Antioquia,Origen Indigena,"Municipio ubicado junto al río Atrato, en zona de lenguas indígenas embera"
Dabeiba,Antioquia,Origen Indigena,"Nombre derivado de una mujer mitológica Dabaibe, relacionada con templos y leyendas indígenas"
Envigado,Antioquia,Origen Indigena,"De origen indígena, nombre de un antiguo asentamiento"
Itagüí,Antioquia,Origen Indigena,"De origen embera, nombre de asentamiento indígena"
Mutatá,Antioquia,Origen Indigena,"Nombre indígena embera, variante mutadó"
Necoclí,Antioquia,Origen Indigena,Nombre indígena de la región de Urabá
Nechí,Antioquia,Origen Indigena,Término indígena relacionado con la palabra oro
Tarazá,Antioquia,Origen Indigena,"Nombre del río Tarazá, origen indígena"
Titiribí,Antioquia,Origen Indigena,Nombre indígena embera
Vegachí,Antioquia,Origen Indigena,Nombre que deriva de una finca llamada Vegas de la China; sonoridad indígena posiblemente accidental
Yalí,Antioquia,Origen Indigena,"Nombre indígena, pueblo ubicado en cresta montañosa"
Yarumal,Antioquia,Origen Indigena,"Nombre indígena, origen desconocido"
Baranoa,Atlántico,Origen Indigena,"Nombre posiblemente de cacique local o planta, referido desde siglo XVI"
Luruaco,Atlántico,Origen Indigena,'Lugar de canoas' en lengua indígena mokaná
Malambo,Atlántico,Origen Indigena,'Río de aguas blancas' en lengua indígena mokaná
Piojó,Atlántico,Origen Indigena,Derivado del cacique local de tiempos de la conquista
Repelón,Atlántico,Origen Indigena,Nombre indígena de la región
Sabanagrande,Atlántico,Origen Indigena,Nombre indígena de origen incierto
Sabanalarga,Atlántico,Origen Indigena,Nombre indígena de la región
Tubará,Atlántico,Origen Indigena,"Nombre indígena, relacionado con palabra taína similar a tiburón"
Ayapel,Córdoba,Origen Indigena,"Municipio de cultura panzenú, cuyo nombre proviene del cacique Yapé o Yapel"
Cereté,Córdoba,Origen Indigena,"Nombre indígena, lugar en la región"
Chimá,Córdoba,Origen Indigena,Nombre de cacique local
Lorica,Córdoba,Origen Indigena,Nombre de cacique nativo llamado Orica
Momil,Córdoba,Origen Indigena,Nombre indígena de la región con presencia ancestral
San Antero,Córdoba,Origen Indigena,Nombre indígena desvirtuado
Tuchín,Córdoba,Origen Indigena,Nombre indígena asociado con sombrero vueltiao artesanal
Tutunendo,Chocó,Origen Indigena,Poblado conocido por sus aguas cristalinas y naturaleza exuberante
Acandí,Chocó,Origen Indigena,"Nombre indígena; pueblo ubicado en el extremo norte del Pacífico colombiano, cercano a Panamá"
Sipí,Chocó,Origen Indigena,"Pueblo minero sobre el río Sipí, afluente del río San Juan, nombre indígena que se desconoce"
Lloró,Chocó,Origen Indigena,Nombre indígena del municipio ubicado en la confluencia de los ríos Atrato y Andágueda
El Bagre,Antioquia,Origen Indigena,Nombre asociado al río Bagre; nombre indígena de origen chocoano
Nechí,Antioquia,Origen Indigena,Nombre indígena relacionado con la palabra ‘oro’
Apartadó,Antioquia,Origen Indigena,"Nombre embera, significa ‘puerto de bananos’"
Chigorodó,Antioquia,Origen Indigena,Nombre indígena del pueblo ubicado junto al río Atrato
Mutatá,Antioquia,Origen Indigena,"Nombre indígena embera, variante mutadó"
Dabeiba,Antioquia,Origen Indigena,"Derivado de una mujer mitológica Dabaibe, con templos y leyendas indígenas"
Necoclí,Antioquia,Origen Indigena,Nombre indígena de la región de Urabá
Tarazá,Antioquia,Origen Indigena,"Nombre del río Tarazá, origen indígena chocoano"
Titiribí,Antioquia,Origen Indigena,Nombre indígena embera
Vegachí,Antioquia,Origen Indigena,"Nombre con sonoridad indígena, posiblemente accidental, relacionado con el nombre Vegas de la China"
Yalí,Antioquia,Origen Indigena,Nombre indígena; pueblo en la cresta montañosa
Yarumal,Antioquia,Origen Indigena,Nombre indígena; origen desconocido
Ibagué,Tolima,Origen Indigena,"Nombre pijao, asociado a un cacique o mujer indígena"
Icononzo,Tolima,Origen Indigena,Nombre pijao que significa 'laguna del tigre'
Neiva,Huila,Origen Indigena,"Nombre de origen histórico, posible importación"
Suaza,Huila,Origen Indigena,Nombre que significa 'río de la tierra pequeña' en lengua local
Timaná,Huila,Origen Indigena,Nombre indígena que significa 'caliente' o 'caluroso'
Íquira,Huila,Origen Indigena,Nombre indígena
Nátaga,Huila,Origen Indigena,Nombre indígena
Oporapa,Huila,Origen Indigena,Nombre indígena
Pitalito,Huila,Origen Indigena,"Nombre indígena, referencia a un tipo de palma amazónica"
San Agustín,Huila,Origen Indigena,Territorio asociado con cultura indígena agustiniana
Sandoná,Nariño,Origen Indigena,'Lugar de las palmas' en quechua
Tumaco,Nariño,Origen Indigena,Nombre indígena desvirtuado que significa 'tierra de curvas o montañas'
Ipiales,Nariño,Origen Indigena,Nombre indígena
Guapi,Cauca,Origen Indigena,Nombre indígena desvirtuado
La Ceja,Antioquia,Origen Indigena,"Nombre de origen español, pero incluye asentamientos modernos indígenas en la región"
Florencia,Caquetá,Origen Indigena,"Nombre español, aunque la región tiene influencia indígena"
Popayán,Cauca,Origen Indigena,"Nombre de origen nasa-paez, significa ‘dos ríos’ o ‘viento’"
Puracé,Cauca,Origen Indigena,"Nombre del volcán y parque nacional, de origen nasa-paez"
Totoró,Cauca,Origen Indigena,Nombre de origen nasa-paez
Caicedonia,Valle del Cauca,Origen Indigena,"Nombre derivado de una familia española, sin significado indígena"
Calima,Valle del Cauca,Origen Indigena,"Nombre de una antigua cultura del Valle del Cauca, relacionada con una 'bruma' o 'neblina' característica del Pacífico"
Calarcá,Quindío,Origen Indigena,Nombre de origen indígena relacionada con la cultura quimbaya
Caucasia,Antioquia,Origen Indigena,"Nombre indígena del río cercano, de origen embera"
Chinchiná,Caldas,Origen Indigena,"Nombre indígena, posible referencia a una etnia local hoy extinta"
Coello,Tolima,Origen Indigena,"Nombre indígena, asentamiento de origen pijao"
Cocorná,Antioquia,Origen Indigena,"Nombre indígena derivado de un cacique local, posiblemente embera"
Cota,Cundinamarca,Origen Indigena,"Nombre indígena muisca, que hace referencia a un asentamiento histórico"
Cúcuta,Norte de Santander,Origen Indigena,Nombre indígena de la etnia cucutilla o un cacique local
Curití,Santander,Origen Indigena,"Nombre indígena guane, significado incierto"
Duitama,Boyacá,Origen Indigena,"Nombre del cacique Duitama, muisca, que significa 'cercado o fortaleza'"
Espinal,Tolima,Origen Indigena,"Nombre de origen indígena pijao, aunque significado incierto"
Fómeque,Cundinamarca,Origen Indigena,"Del muisca, significa 'beso del colibrí'"
Guapi,Cauca,Origen Indigena,"Nombre indígena, aunque significado desvirtuado"
La Ceja,Antioquia,Origen Indigena,Nombre de origen indígena desvirtuado
La Tebaida,Quindío,Origen Indigena,Nombre indígena antiguo
Manaure,Cesar,Origen Indigena,Nombre de cacique indígena noble
Mocoa,Putumayo,Origen Indigena,"Nombre indígena desvirtuado, inicialmente del afluente Mocoa"
Nevia,Huila,Origen Indigena,"Nombre posiblemente importado, con origen en la historia colonial"
Ocaña,Norte de Santander,Origen Indigena,Nombre derivado de un cacique local indígena
Pasto,Nariño,Origen Indigena,"Nombre indígena kamsá, significa 'lugar de la fiesta'"
Pereira,Risaralda,Origen Indigena,Nombre indígena desvirtuado
Quibdó,Chocó,Origen Indigena,"Nombre indígena embera, aunque significado desvirtuado"
Rionegro,Antioquia,Origen Indigena,Nombre indígena desvirtuado
Sogamoso,Boyacá,Origen Indigena,"Del muisca, significa 'morada del sol'"
Tame,Arauca,Origen Indigena,Nombre de un cacique indígena local
Tibú,Norte de Santander,Origen Indigena,Nombre indígena embera
Tolú,Sucre,Origen Indigena,Nombre indígena desvirtuado
Tunja,Boyacá,Origen Indigena,"Del muisca, 'cercado de cacique'"
Urrao,Antioquia,Origen Indigena,"Nombre indígena, posible diminutivo indígena"
Yarumal,Antioquia,Origen Indigena,Nombre indígena desvirtuado
Popayán,Cauca,Origen Indigena,"Nombre nasa-paez que significa 'dos ríos', 'viento' y 'río', haciendo alusión a dos ríos de la zona"
Quibdó,Chocó,Origen Indigena,"Nombre indígena embera, aunque significado desvirtuado"
Salamina,Caldas,Origen Indigena,"Nombre indígena con historia colonial, origen del nombre incierto"
San Agustín,Huila,Origen Indigena,"Territorio de la cultura agustiniana, antigua nación indígena"
San Basilio de Palenque,Bolívar,Origen Indigena,Pueblo de cimarrones esclavos libertos con herencia africana e indígena
Sandoná,Nariño,Origen Indigena,"'Lugar de las palmas', término quechua"
Santa Marta,Magdalena,Origen Indigena,Nombre colonial con historia indígena en la zona
San Sebastián de Buenavista,Magdalena,Origen Indigena,Nombre con origen indígena desvirtuado
Suaza,Huila,Origen Indigena,Significado 'río de la tierra pequeña' en lengua local indígena
Timaná,Huila,Origen Indigena,Nombre indígena que significa 'caliente' o 'caluroso'
Tolú,Sucre,Origen Indigena,Nombre indígena desvirtuado
Tumaco,Nariño,Origen Indigena,"'Tierra de curvas o montañas', nombre indígena desvirtuado"
Yarumal,Antioquia,Origen Indigena,Nombre indígena con origen desconocido
Zapatoca,Santander,Origen Indigena,"Toponimia guane, nombre del cacique Zapatoca"
Chaguaní,Cundinamarca,Origen Indigena,Nombre indígena colima; etnia caribe de la región
Maripí,Boyacá,Origen Indigena,"Nombre indígena muzo, caribe, grupo minero extinto"
Yacopí,Cundinamarca,Origen Indigena,"Nombre indígena muzo, posible raíz caribe"
Caparrapí,Cundinamarca,Origen Indigena,"Nombre indígena, pueblo caribeño, significado incierto"
Topaipí,Cundinamarca,Origen Indigena,Nombre indígena muzo-caribe
Vianí,Cundinamarca,Origen Indigena,"Nombre indígena, significado desvirtuado"
Coper,Boyacá,Origen Indigena,Nombre indígena muzo-caribe
Muzo,Boyacá,Origen Indigena,Nombre indígena; importante centro de explotación de esmeraldas de la etnia muzo
Otanche,Boyacá,Origen Indigena,Nombre indígena muzo-caribe
Pauna,Boyacá,Origen Indigena,"Nombre indígena, de etnia caribe muzo"
Quípama,Boyacá,Origen Indigena,Nombre indígena muzo; zona de explotación de esmeraldas
Tununguá,Boyacá,Origen Indigena,"Nombre indígena, relacionado con los muzo"
Chámeza,Casanare,Origen Indigena,"Nombre indígena, farallones homónimos, etnia muisca"
Socha,Boyacá,Origen Indigena,"Nombre muisca, localidad histórica"
Soacha,Cundinamarca,Origen Indigena,Nombre muisca que significa 'hombre del sol'
Sora,Boyacá,Origen Indigena,"Nombre muisca, localidad boyacense"
Soracá,Boyacá,Origen Indigena,"Nombre muisca, población cercana a Tunja"
Tota,Boyacá,Origen Indigena,"Nombre muisca, hace referencia a 'laguna'"
Tuta,Boyacá,Origen Indigena,"Nombre muisca, localidad boyacense"
Pasca,Cundinamarca,Origen Indigena,"Nombre muisca, zona de la balsa muisca"
Pesca,Boyacá,Origen Indigena,Nombre muisca
Firavitoba,Boyacá,Origen Indigena,Nombre muisca; localidad en la provincia de Sugamuxi
Sogamoso,Boyacá,Origen Indigena,Nombre muisca: 'morada del sol'
Chiscas,Boyacá,Origen Indigena,"Nombre muisca, en las faldas de la Sierra Nevada del Cocuy"
Chiquinquirá,Boyacá,Origen Indigena,"Nombre muisca, significa 'ciénaga de los muiscas'"
Moniquirá,Boyacá,Origen Indigena,Nombre muisca: 'cercado de baño'
Ráquira,Boyacá,Origen Indigena,Nombre muisca: 'ciudad de las ollas'
Sotaquirá,Boyacá,Origen Indigena,"Nombre muisca, derivado de 'quira': poblado"
Zetaquirá,Boyacá,Origen Indigena,"Nombre muisca, cacique Zetaquirá"
Zipaquirá,Cundinamarca,Origen Indigena,"Nombre muisca: 'ciudad del zipa', origen de la sal"
Zipacón,Cundinamarca,Origen Indigena,Nombre muisca: 'lugar del zipa'
Guatavita,Cundinamarca,Origen Indigena,Nombre muisca; laguna sagrada origen de la leyenda de El Dorado
Funza,Cundinamarca,Origen Indigena,"Nombre muisca; asiento del zipa de Bacatá, origen de Bogotá"
Bacatá/Cota,Cundinamarca,Origen Indigena,"Nombre muisca; Bacatá es la raíz de Bogotá, significa 'cercado fuera de la labranza'"
Chía,Cundinamarca,Origen Indigena,Nombre muisca que significa 'luna'
Tabio,Cundinamarca,Origen Indigena,Nombre muisca
Tenjo,Cundinamarca,Origen Indigena,Nombre muisca
Sesquilé,Cundinamarca,Origen Indigena,"Nombre muisca, vecino de la laguna de Guatavita"
Suesca,Cundinamarca,Origen Indigena,"Nombre muisca, referente a los peñascos de escalada"
Subachoque,Cundinamarca,Origen Indigena,Nombre muisca
Cogua,Cundinamarca,Origen Indigena,Nombre muisca
Gachetá,Cundinamarca,Origen Indigena,Nombre muisca
Guachetá,Cundinamarca,Origen Indigena,Nombre muisca
Machetá,Cundinamarca,Origen Indigena,Nombre muisca
Manta,Cundinamarca,Origen Indigena,Nombre muisca
Supatá,Cundinamarca,Origen Indigena,Nombre muisca
Tibirita,Cundinamarca,Origen Indigena,Nombre muisca
Ajizalá,Meta,Origen Indigena,"Nombre de origen indígena, relacionado con palabra de raíz local"
Alban, Cundinamarca,Origen Indigena,"Nombre de origen indígena, aunque con poca documentación"
Amalfi, Antioquia,Origen Indigena,Nombre que posiblemente proviene de un cacique o tradición indígena
Anzá, Antioquia,Origen Indigena,"Nombre indígena, pueblo pequeño en el margen izquierdo del río Cauca"
Arbeláez, Cundinamarca,Origen Indigena,"Nombre indígena, derivado de raíces muiscas o de la región"
Ataco, Tolima,Origen Indigena,Nombre indígena pijao que significa 'lugar de laguna seca'
Bituima, Cundinamarca,Origen Indigena,Nombre indígena referido a líder panche o lugar nativo
Bojacá, Cundinamarca,Origen Indigena,"Nombre muisca, sitio de fuerte o cercado"
Buriticá, Antioquia,Origen Indigena,"Nombre del cacique Buriticá, que intentó suicidarse para evitar captura"
Cajamarca, Tolima,Origen Indigena,"Nombre indígena, aproximadamente 'espalda de la montaña'"
Calarcá, Quindío,Origen Indigena,Nombre de origen indígena relacionado con grupo cultural quimbaya
Canaima, Guainía,Origen Indigena,"Nombre indígena amazónico, relacionado con grupo étnico o sitio"
Caparrapí, Cundinamarca,Origen Indigena,"Nombre indígena del pueblo caribe o colima, significado incierto"
Carupa, Cundinamarca,Origen Indigena,"Nombre de origen indígena, asociado a sitios ancestrales"
Cartagena, Bolívar,Origen Indigena,"Nombre colonial, pero en una región con fuerte presencia indígena precolombina"
Cunday, Tolima,Origen Indigena,"Nombre indígena panche, pueblo histórico en las tierras llanas"
Cucutilla, Norte de Santander,Origen Indigena,"Nombre derivado de la ciudad de Cúcuta, nombre indígena cucutilla o cacique"
Curumaní, Cesar,Origen Indigena,"Nombre indígena de origen chimila, región caribe"
Duitama, Boyacá,Origen Indigena,"Nombre del cacique muisca Duitama, significa 'cercado o fortaleza'"
El Espinal, Tolima,Origen Indigena,"Nombre de origen histórico, sobre asentamiento indígena pijao"
Facatativá, Cundinamarca,Origen Indigena,"Nombre muisca, significa lugar de balsas o canoas"
Florencia, Caquetá,Origen Indigena,"Nombre español, pero territorio con presencia indígena huitoto"
Fómeque, Cundinamarca,Origen Indigena,"Nombre muisca, 'beso del colibrí'"
Garzón, Huila,Origen Indigena,"Nombre de origen toponímico indígena, posible cacique o lugar"
Guaduas, Cundinamarca,Origen Indigena,"Nombre muisca, localidad histórica de comercio indígena"
Guapi, Cauca,Origen Indigena,"Nombre indígena desvirtuado, posiblemente nasa-paez"
Icononzo, Tolima,Origen Indigena,Nombre pijao que significa 'laguna del tigre'
Ibagué, Tolima,Origen Indigena,"Nombre pijao, derivado de cacique o mujer indígena"
Jaraba, Boyacá,Origen Indigena,"Nombre indígena muisca, asentamiento tradicional"
La Tebaida, Quindío,Origen Indigena,"Nombre indígena antiguo, origen ligado a asentamientos precolombinos"
Leticia, Amazonas,Origen Indigena,Nombre de origen local indígena en lengua ticuna o yagua
Lloró, Chocó,Origen Indigena,Nombre indígena relacionado con la zona fluvial y selva del Pacífico
Mariquita, Tolima,Origen Indigena,"Nombre indígena derivado del cacique Mariquita, original de la zona"
Mocoa, Putumayo,Origen Indigena,"Nombre indígena desvirtuado, originalmente del río afluente Mocoa"
Montelíbano, Córdoba,Origen Indigena,Nombre compuesto con raíces indígenas y coloniales
Natagaima, Tolima,Origen Indigena,"Nombre indígena panche o pijao, frecuente en llanura y piedemonte"
Neiva, Huila,Origen Indigena,"Nombre con posible origen importado, aceptación común"
Ocaña, Norte de Santander,Origen Indigena,Nombre indígena de cacique local
Palermo, Huila,Origen Indigena,"Nombre español, pero área con nombres indígenas cercanos"
Pasto, Nariño,Origen Indigena,"Nombre indígena kamsá, significa 'lugar de fiesta'"
Pitalito, Huila,Origen Indigena,Nombre indígena que refiere a especie de palma amazónica
Popayán, Cauca,Origen Indigena,"Nombre nasa-paez, significa 'dos ríos' o 'viento', alusión a la geografía"
Pueblo Bello, Cesar,Origen Indigena,"Nombre propio colonial, area de indígenas chimila"
Quibdó, Chocó,Origen Indigena,Nombre embera de la capital departamental
Quimbaya, Quindío,Origen Indigena,Nombre de la cultura indígena precolombina quimbaya
Rionegro, Antioquia,Origen Indigena,"Nombre de origen indígena desvirtuado, sitio fluvial"
San Agustín, Huila,Origen Indigena,Territorio de cultura agustiniana precolombina
San Basilio de Palenque, Bolívar,Origen Indigena,"Pueblo cimarrón reconocido patrimonio cultural, con raíces africanas e indígenas"
San Gil, Santander,Origen Indigena,Nombre colonial con fuerte presencia indígena guane
San José del Guaviare, Guaviare,Origen Indigena,Nombre que combina patronazgo español con topónimo indígena
Sandoná, Nariño,Origen Indigena,Nombre indígena quechua que significa 'lugar de las palmas'
Santa Marta, Magdalena,Origen Indigena,Nombre colonial situado en territorio con fuerte población indígena tayrona
Tamalameque, Cesar,Origen Indigena,"Nombre chimila, cacique que resistió conquista española"
Tibú, Norte de Santander,Origen Indigena,Nombre indígena embera
Tolú, Sucre,Origen Indigena,"Nombre indígena desvirtuado, zona costera"
Tunja, Boyacá,Origen Indigena,"Nombre muisca, 'cercado del cacique'"
Urrao, Antioquia,Origen Indigena,Nombre indígena de origen nutabe
Yopal, Casanare,Origen Indigena,Nombre indígena local de los llanos
Zapatoca, Santander,Origen Indigena,Nombre guane que significa probable lugar de sepultura
Roberto Payán,Nariño,Origen Indigena,Nombre de un líder local en tiempos modernos; no indígena
San Bernardo del Viento,Córdoba,Origen Indigena,"Nombre descriptivo, 'viento', pero con posible origen indígena"
San Martín de Loba,Bolívar,Origen Indigena,Nombre colonial; área con presencia indígena histórica
San Pablo,Bolívar,Origen Indigena,Nombre colonial; localidad con preexistencia indígena
San Pedro,Valle del Cauca,Origen Indigena,Nombre religioso; área con posible nombre indígena anterior
San Vicente del Caguán,Caquetá,Origen Indigena,Nombre compuesto con origen indígena en Caguán
Santa Ana,Atlántico,Origen Indigena,Nombre religioso; zona con raíces indígenas
Santa Bárbara,Antioquia,Origen Indigena,Nombre religioso; localidad con nombre indígena anterior
Santa Catalina,Bolívar,Origen Indigena,Nombre religioso; posible sincretismo con nombre indígena
Santa Rosa,Atlántico,Origen Indigena,Nombre religioso; área con influencia indígena
Santander de Quilichao,Cauca,Origen Indigena,"El nombre 'Santander' es colonial, pero Quilichao es nombre indígena"
Sardinata,Norte de Santander,Origen Indigena,Nombre de origen indígena
Segovia,Antioquia,Origen Indigena,Nombre colonial; lugar con indígenas precolombinos
Silos,Norte de Santander,Origen Indigena,"Nombre indígena, posible referencia a lugar o líder"
Silvania,Cundinamarca,Origen Indigena,Nombre moderno derivado de 'silva' (bosque); pocas raíces indígenas
Simijaca,Cundinamarca,Origen Indigena,"Nombre muisca, significa 'pico de lechuza'"
Soacha,Cundinamarca,Origen Indigena,Nombre muisca que significa 'hombre del sol'
Socorro,Santander,Origen Indigena,Nombre colonial; pero fundada sobre territorio indígena guane
Sopó,Cundinamarca,Origen Indigena,Nombre muisca
Sotaquirá,Boyacá,Origen Indigena,"Nombre muisca, derivado de 'quira' que significa poblado"
Sutamarchán,Boyacá,Origen Indigena,Nombre muisca
Sutatausa,Cundinamarca,Origen Indigena,Nombre muisca
Sutatenza,Boyacá,Origen Indigena,Nombre muisca
Tibacuy,Cundinamarca,Origen Indigena,Nombre muisca
Tibirita,Cundinamarca,Origen Indigena,Nombre muisca
Tibasosa,Boyacá,Origen Indigena,Nombre muisca
Tinjacá,Boyacá,Origen Indigena,Nombre muisca
Toluviejo,Sucre,Origen Indigena,Nombre indígena desvirtuado
Tota,Boyacá,Origen Indigena,"Nombre muisca, hace referencia a 'laguna'"
Tunja,Boyacá,Origen Indigena,"Nombre muisca, significa 'cercado del cacique'"
Turmequé,Boyacá,Origen Indigena,Nombre muisca
Ubaté,Cundinamarca,Origen Indigena,Nombre muisca
Ungía,Chocó,Origen Indigena,Nombre indígena del Pacífico colombiano
Usiacurí,Atlántico,Origen Indigena,Nombre indígena de origen local
Valledupar,Cesar,Origen Indigena,Derivado del cacique Upar
Yarumal,Antioquia,Origen Indigena,Nombre indígena con origen desconocido
Zapatoca,Santander,Origen Indigena,Nombre guane que significa probablemente 'sepultura del padre en lo alto del río'
Guatapé,Antioquia,Origen Indigena,"Nombre indígena, hace referencia a la piedra sagrada, lengua tahamí"
Guarne,Antioquia,Origen Indigena,"Nombre indígena; municipio del oriente antioqueño, significado impreciso"
Ituango,Antioquia,Origen Indigena,Significa 'río de chicha' en lengua indígena local
Ebéjico,Antioquia,Origen Indigena,Nombre del grupo indígena nutabaes y de su cacique
Peque,Antioquia,Origen Indigena,"Nombre indígena, grupo nutabe de la zona"
Uramita,Antioquia,Origen Indigena,Diminutivo indígena castellano que alude a la palabra 'totuma'
Yondó,Antioquia,Origen Indigena,"Nombre indígena embera, zona Urabá"
Apía,Risaralda,Origen Indigena,"Nombre de la etnia indígena apias, antiguos habitantes"
Guática,Risaralda,Origen Indigena,"Nombre de etnia caribe, grupo guática o guátiquas"
Quinchía,Risaralda,Origen Indigena,"Nombre indígena, deriva de 'quinchos' (cercado de guadua con cráneos humanos)"
Mistrató,Risaralda,Origen Indigena,Nombre indígena; castellanización de expresión embera para 'río de las loras'
Calarcá,Quindío,Origen Indigena,Nombre de legendario cacique pijao muerto en batalla en 1607
Pijao,Quindío,Origen Indigena,"Nombre de la etnia pijao, antiguos habitantes de la zona"
Supía,Caldas,Origen Indigena,Etimología de etnia extinta llamada los sopias
Anserma,Caldas,Origen Indigena,"Nombre indígena, referencia a la sal como producto local"
Marquetalia,Caldas,Origen Indigena,Nombre de la etnia indígena los marquetones
Pácora,Caldas,Origen Indigena,"Nombre indígena, recuerdo de los pacoras, de la etnia quimbaya"
Samaná,Caldas,Origen Indigena,Nombre indígena de la región
Victoria,Caldas,Origen Indigena,"Nombre femenino español, municipio creado en tierras con asentamientos indígenas"
Salamina,Caldas,Origen Indigena,"Nombre indígena con historia colonial, etimología incierta"
Chaguaní,Cundinamarca,Origen Indigena,Nombre indígena colima; etnia caribe de la región
Maripí,Boyacá,Origen Indigena,"Nombre indígena muzo, caribe, grupo minero extinto"
Yacopí,Cundinamarca,Origen Indigena,"Nombre indígena muzo, posible raíz caribe"
Caparrapí,Cundinamarca,Origen Indigena,"Nombre indígena, pueblo caribeño, significado incierto"
Topaipí,Cundinamarca,Origen Indigena,Nombre indígena muzo-caribe
Vianí,Cundinamarca,Origen Indigena,"Nombre indígena, significado desvirtuado"
Coper,Boyacá,Origen Indigena,Nombre indígena muzo-caribe
Muzo,Boyacá,Origen Indigena,Nombre indígena; importante centro de explotación de esmeraldas de la etnia muzo
Otanche,Boyacá,Origen Indigena,Nombre indígena muzo-caribe
Pauna,Boyacá,Origen Indigena,"Nombre indígena, de etnia caribe muzo"
Quípama,Boyacá,Origen Indigena,Nombre indígena muzo; zona de explotación de esmeraldas
Tununguá,Boyacá,Origen Indigena,"Nombre indígena, relacionado con los muzo"
Chámeza,Casanare,Origen Indigena,"Nombre indígena, farallones homónimos, etnia muisca"
Socha,Boyacá,Origen Indigena,"Nombre muisca, localidad histórica"
Soacha,Cundinamarca,Origen Indigena,Nombre muisca que significa 'hombre del sol'
Sora,Boyacá,Origen Indigena,"Nombre muisca, localidad boyacense"
Soracá,Boyacá,Origen Indigena,"Nombre muisca, población cercana a Tunja"
Tota,Boyacá,Origen Indigena,"Nombre muisca, hace referencia a 'laguna'"
Tuta,Boyacá,Origen Indigena,"Nombre muisca, localidad boyacense"
Pasca,Cundinamarca,Origen Indigena,"Nombre muisca, zona de la balsa muisca"
Pesca,Boyacá,Origen Indigena,Nombre muisca
Firavitoba,Boyacá,Origen Indigena,Nombre muisca; localidad en la provincia de Sugamuxi
Sogamoso,Boyacá,Origen Indigena,Nombre muisca: 'morada del sol'
Chiscas,Boyacá,Origen Indigena,"Nombre muisca, en las faldas de la Sierra Nevada del Cocuy"
Chiquinquirá,Boyacá,Origen Indigena,"Nombre muisca, significa 'ciénaga de los muiscas'"
Moniquirá,Boyacá,Origen Indigena,Nombre muisca: 'cercado de baño'
Ráquira,Boyacá,Origen Indigena,Nombre muisca: 'ciudad de las ollas'
Sotaquirá,Boyacá,Origen Indigena,"Nombre muisca, derivado de 'quira': poblado"
Zetaquirá,Boyacá,Origen Indigena,"Nombre muisca, cacique Zetaquirá"
Zipaquirá,Cundinamarca,Origen Indigena,"Nombre muisca: 'ciudad del zipa', origen de la sal"
Zipacón,Cundinamarca,Origen Indigena,Nombre muisca: 'lugar del zipa'
Guatavita,Cundinamarca,Origen Indigena,Nombre muisca; laguna sagrada origen de la leyenda de El Dorado
Funza,Cundinamarca,Origen Indigena,"Nombre muisca; asiento del zipa de Bacatá, origen de Bogotá"
Bacatá/Cota,Cundinamarca,Origen Indigena,"Nombre muisca; Bacatá es la raíz de Bogotá, significa 'cercado fuera de la labranza'"
Chía,Cundinamarca,Origen Indigena,Nombre muisca que significa 'luna'
Tabio,Cundinamarca,Origen Indigena,Nombre muisca
Tenjo,Cundinamarca,Origen Indigena,Nombre muisca
Sesquilé,Cundinamarca,Origen Indigena,"Nombre muisca, vecino de la laguna de Guatavita"
Suesca,Cundinamarca,Origen Indigena,"Nombre muisca, referente a los peñascos de escalada"
Subachoque,Cundinamarca,Origen Indigena,Nombre muisca
Cogua,Cundinamarca,Origen Indigena,Nombre muisca
Gachetá,Cundinamarca,Origen Indigena,Nombre muisca
Guachetá,Cundinamarca,Origen Indigena,Nombre muisca
Machetá,Cundinamarca,Origen Indigena,Nombre muisca
Manta,Cundinamarca,Origen Indigena,Nombre muisca
Supatá,Cundinamarca,Origen Indigena,Nombre muisca
Tibirita,Cundinamarca,Origen Indigena,Nombre muisca
Chitagá,Norte de Santander,Origen Indigena,"Nombre de etnia indígena chitarera, grupo cercano a los chitareros guanes"
Chinácota,Norte de Santander,Origen Indigena,"Nombre indígena, pueblo conocido por la herida mortal del conquistador Ambrosio Alfinger"
Bucaramanga,Santander,Origen Indigena,"Nombre de origen indígena, raíces y significado discutidos, ciudad fundada sobre un antiguo asentamiento indígena"
Cepitá,Santander,Origen Indigena,"Nombre indígena chitarero, pueblo en el páramo de Santurbán"
Macaravita,Santander,Origen Indigena,"Nombre indígena muisca, significado incierto"
Molagavita,Santander,Origen Indigena,"Nombre indígena muisca, población remota en la provincia García Rovira"
Suratá,Santander,Origen Indigena,"Nombre indígena, pueblo en la provincia de Soto Norte, con presencia histórica de la cultura indígena"
Zapatoca,Santander,Origen Indigena,"Nombre guane, posible significado 'sepultura del padre en lo alto del río'"
Pamplona,Norte de Santander,Origen Indigena,"Nombre indígena, fundado sobre territorio indígena, ciudad con historia colonial"
Ocaña,Norte de Santander,Origen Indigena,Nombre indígena de un cacique local
Bochalema,Norte de Santander,Origen Indigena,"Nombre de origen indígena, cercano a Pamplona"
Bucarasica,Norte de Santander,Origen Indigena,"Nombre indígena, pueblo con un solo camino de entrada y salida"
Cúcuta,Norte de Santander,Origen Indigena,"Nombre indígena de la etnia cucutilla o cacique local, ciudad fundada en 1733 por Juana Rangel de Cuéllar"
Tibú,Norte de Santander,Origen Indigena,"Nombre indígena embera, cabecera del Catatumbo"
El Tarra,Norte de Santander,Origen Indigena,"Nombre indígena, ubicado en la cuenca del río Tarra en el Catatumbo"
El Zulia,Norte de Santander,Origen Indigena,"Nombre que honra a una mujer indígena líder de la resistencia contra españoles, también derivado al estado venezolano Zulia"
Hacarí,Norte de Santander,Origen Indigena,"Nombre que deriva de los hacaritamas, antiguos habitantes de la provincia de Ocaña"
Labateca,Norte de Santander,Origen Indigena,"Nombre indígena, situada en los límites entre tunebos (uwa) y chitareros"
Chimichagua,Cesar,Origen Indigena,Nombre indígena chimila
Chiriguaná,Cesar,Origen Indigena,Nombre indígena chimila
Curumaní,Cesar,Origen Indigena,Nombre indígena chimila
Tamalameque,Cesar,Origen Indigena,Nombre indígena de un líder indígena que se enfrentó a Jiménez de Quesada
Manaure,Cesar,Origen Indigena,Nombre de un cacique indígena noble
Valledupar,Cesar,Origen Indigena,Derivado del cacique Upar
San Basilio de Palenque,Bolívar,Origen Indigena,"Pueblo cimarrón con herencia africana e indígena, primer pueblo libre de América"
Turbaco,Bolívar,Origen Indigena,Nombre indígena derivado de cacique Yurbaco
Turbaná,Bolívar,Origen Indigena,Nombre indígena derivado de cacique Yurbaná
Mahates,Bolívar,Origen Indigena,Nombre del grupo indígena malibú
Magangué,Bolívar,Origen Indigena,Nombre indígena del río Magdalena
Mompox,Bolívar,Origen Indigena,Nombre derivado del cacique Mompoj
Cicuco,Bolívar,Origen Indigena,Nombre derivado de un cacique malibú
Tiquisio,Bolívar,Origen Indigena,Nombre indígena de origen perdido
Norosí,Bolívar,Origen Indigena,Nombre indígena de origen perdido
Simití,Bolívar,Origen Indigena,Nombre indígena tradicional con referencias históricas desde 1537
Chocontá,Cundinamarca,Origen Indigena,"Nombre muisca; cercado, fortaleza"
Cota,Cundinamarca,Origen Indigena,Nombre muisca que hace referencia a un asentamiento histórico; cercado
Chía,Cundinamarca,Origen Indigena,Nombre muisca que significa 'luna'
Cajicá,Cundinamarca,Origen Indigena,"Nombre muisca, hace referencia a una fortaleza rodeada de maderos y cañas entretejidas"
Bojacá,Cundinamarca,Origen Indigena,"Nombre muisca, sitio donde Jiménez de Quesada ejecutó al zipa Sagipa"
Funza,Cundinamarca,Origen Indigena,"Nombre muisca; asiento del zipa, origen de la palabra Bogotá"
Fúquene,Cundinamarca,Origen Indigena,"Nombre muisca, zona lacustre famosa"
Ubaté,Cundinamarca,Origen Indigena,"Nombre muisca, relacionado con la cultura y asentamientos indígenas"
Guasca,Cundinamarca,Origen Indigena,"Nombre muisca, hace referencia al lado oriental de la sabana"
Tabio,Cundinamarca,Origen Indigena,Nombre muisca
Tenjo,Cundinamarca,Origen Indigena,Nombre muisca
Ubate,Cundinamarca,Origen Indigena,Nombre muisca
Subachoque,Cundinamarca,Origen Indigena,Nombre muisca
Suesca,Cundinamarca,Origen Indigena,Nombre muisca
Une,Cundinamarca,Origen Indigena,Nombre muisca
Guateque,Boyacá,Origen Indigena,Nombre muisca
Garagoa,Boyacá,Origen Indigena,"Nombre muisca, iglesia catedral monumental"
Gámeza,Boyacá,Origen Indigena,"Nombre de un cacique local, provincia de Sugamuxi"
Tópaga,Boyacá,Origen Indigena,Nombre muisca
Iza,Boyacá,Origen Indigena,"Nombre muisca, conocida por sus aguas termales"
Tota,Boyacá,Origen Indigena,"Nombre muisca, referente a la laguna de Tota"
Aquitania,Boyacá,Origen Indigena,"Nombre muisca, municipio ribereño de la laguna"
Cuítiva,Boyacá,Origen Indigena,"Nombre muisca, junto a Aquitania y Tota en la laguna"
Firavitoba,Boyacá,Origen Indigena,Nombre muisca; iglesia monumental
Nobsa,Boyacá,Origen Indigena,"Nombre muisca, famosa por sus tejidos"
Paipa,Boyacá,Origen Indigena,Nombre muisca
Pesca,Boyacá,Origen Indigena,Nombre muisca
Toca,Boyacá,Origen Indigena,"Nombre muisca, con dos iglesias en su plaza"
Monguí,Boyacá,Origen Indigena,"Nombre muisca, famosa basílica menor"
Sativanorte,Boyacá,Origen Indigena,"Nombre muisca, resultado de la reubicación del antiguo Sátiva"
Sativasur,Boyacá,Origen Indigena,"Nombre muisca, resultado de la reubicación del antiguo Sátiva"
Motavita,Boyacá,Origen Indigena,Nombre muisca
Cómbita,Boyacá,Origen Indigena,Nombre muisca
Betéitiva,Boyacá,Origen Indigena,"Nombre muisca, origen en la historia de Betacín"
La Uvita,Boyacá,Origen Indigena,"Nombre muisca, hace referencia a meseta"
Chinavita,Boyacá,Origen Indigena,Nombre muisca
Pachavita,Boyacá,Origen Indigena,Nombre muisca
Úmbita,Boyacá,Origen Indigena,Nombre muisca
Chivatá,Boyacá,Origen Indigena,"Nombre muisca, entorno apacible y pintoresco"
Chíquiza,Boyacá,Origen Indigena,Nombre muisca
Chitaraque,Boyacá,Origen Indigena,Nombre muisca
Somondoco,Boyacá,Origen Indigena,Nombre muisca; tierra de chicharrón de cuajada
La Uvita,Boyacá,Origen Indigena,"Nombre muisca, hace referencia a una meseta"
Chinavita,Boyacá,Origen Indigena,Nombre muisca
Pachavita,Boyacá,Origen Indigena,Nombre muisca
Úmbita,Boyacá,Origen Indigena,Nombre muisca
Chivatá,Boyacá,Origen Indigena,"Nombre muisca, lugar apacible y pintoresco"
Chíquiza,Boyacá,Origen Indigena,Nombre muisca
Chitaraque,Boyacá,Origen Indigena,Nombre muisca
Somondoco,Boyacá,Origen Indigena,Nombre muisca; tierra del chicharrón de cuajada; cacique Sumondoco
Zipatá,Boyacá,Origen Indigena,"Nombre muisca, posible variante de Zipaquirá"
Derqui,Bogotá D.C.,Origen Indigena,"Nombre inexistente en datos indígenas, posible registro histórico"
Mosquera,Cundinamarca,Origen Indigena,"Nombre colonial, no indígena"
Funza,Cundinamarca,Origen Indigena,"Nombre muisca; asiento del zipa, origen de Bogotá"
Fómeque,Cundinamarca,Origen Indigena,"Nombre muisca, 'beso del colibrí'"
Guasca,Cundinamarca,Origen Indigena,Nombre muisca
Sesquilé,Cundinamarca,Origen Indigena,"Nombre muisca, vecino a la laguna de Guatavita"
Sibaté,Cundinamarca,Origen Indigena,Nombre muisca
Silvania,Cundinamarca,Origen Indigena,"Nombre moderno, poco o nada indígena"
Subachoque,Cundinamarca,Origen Indigena,Nombre muisca
Susa,Cundinamarca,Origen Indigena,Nombre muisca
Suesca,Cundinamarca,Origen Indigena,Nombre muisca
Tibirita,Cundinamarca,Origen Indigena,Nombre muisca
Tenjo,Cundinamarca,Origen Indigena,Nombre muisca
Tibacuy,Cundinamarca,Origen Indigena,Nombre muisca
Tabio,Cundinamarca,Origen Indigena,Nombre muisca
Une,Cundinamarca,Origen Indigena,Nombre muisca
Zipacón,Cundinamarca,Origen Indigena,Nombre muisca: 'lugar del zipa'
Zipaquirá,Cundinamarca,Origen Indigena,Nombre muisca: 'ciudad del zipa'; famosa por sus minas de sal
Guatavita,Cundinamarca,Origen Indigena,Nombre muisca; laguna sagrada que originó la leyenda de El Dorado
Chocontá,Cundinamarca,Origen Indigena,Nombre muisca; lugar de cercado o fortaleza
Cajicá,Cundinamarca,Origen Indigena,"Nombre muisca, referencia a una fortaleza con maderos y cañas"
Bojacá,Cundinamarca,Origen Indigena,"Nombre muisca, sitio histórico de la ejecución del zipa Sagipa"
Chía,Cundinamarca,Origen Indigena,Nombre muisca que significa 'luna'
Cucunubá,Cundinamarca,Origen Indigena,"Nombre muisca, pueblo bien preservado cerca de Ubaté"
Apulo,Cundinamarca,Origen Indigena,"Nombre de origen incierto, pequeño caserío cerca del río Bogotá"
Gama,Cundinamarca,Origen Indigena,"Nombre muisca, pueblo cerca de la provincia del Guavio"
Gachalá,Cundinamarca,Origen Indigena,"Nombre muisca, en la vía a la provincia del Guavio"
Ubaque,Cundinamarca,Origen Indigena,Nombre muisca
Tena,Cundinamarca,Origen Indigena,"Nombre muisca, al sur de la sabana de Bogotá"
Fusagasugá,Cundinamarca,Origen Indigena,"Nombre muisca, frontera entre muiscas y sutagaos"
Pasca,Cundinamarca,Origen Indigena,"Nombre muisca, donde se encontró la balsa de oro muisca"
Pacho,Cundinamarca,Origen Indigena,"Nombre muisca, significa 'padre bueno'"
Pacho,Cundinamarca,Origen Indigena,"Nombre muisca, capital de la provincia de Rionegro"
Cáqueza,Cundinamarca,Origen Indigena,"Nombre muisca, puede significar 'cercado', 'región sin bosque', o 'estado de paz, sin pelea'"
Choachí,Cundinamarca,Origen Indigena,"Nombre muisca, municipio de la provincia del Oriente"
Chipaque,Cundinamarca,Origen Indigena,Nombre muisca
Fosca,Cundinamarca,Origen Indigena,Nombre muisca
Quetame,Cundinamarca,Origen Indigena,Nombre muisca
Guataquí,Cundinamarca,Origen Indigena,"Nombre muisca, municipio ribereño del Magdalena"
Guayabal de Síquima,Cundinamarca,Origen Indigena,"Nombre panche, lengua indígena"
Sasaima,Cundinamarca,Origen Indigena,Nombre panche
Anapoima,Cundinamarca,Origen Indigena,"Nombre panche, derivado del cacique Anapoima"
Anolaima,Cundinamarca,Origen Indigena,Nombre panche
Pulí,Cundinamarca,Origen Indigena,Nombre panche
Quipile,Cundinamarca,Origen Indigena,Nombre panche
Cunday,Tolima,Origen Indigena,"Nombre panche, pueblo histórico en las tierras llanas"
Ambalema,Tolima,Origen Indigena,Nombre panche
Viotá,Cundinamarca,Origen Indigena,"Nombre muisca, terminación -ta común ('lugar' o 'sitio')"
Chivatá,Boyacá,Origen Indigena,"Nombre muisca, variante de Chivatá"
Cucaita,Boyacá,Origen Indigena,"Nombre muisca, terminación -ta"
Chita,Boyacá,Origen Indigena,"Nombre muisca, terminación -ta"
Guayatá,Boyacá,Origen Indigena,"Nombre muisca, terminación -ta"
Oicatá,Boyacá,Origen Indigena,"Nombre muisca, terminación -ta"
Soatá,Boyacá,Origen Indigena,"Nombre muisca, 'sol', terminación -ta"
Socotá,Boyacá,Origen Indigena,"Nombre muisca, terminación -ta"
Tuta,Boyacá,Origen Indigena,"Nombre muisca, terminación -ta"
Samacá,Boyacá,Origen Indigena,"Nombre muisca, terminación -cá (cercado)"
Boyacá,Boyacá,Origen Indigena,"Nombre muisca, terminación -cá (cercado)"
Bojacá,Cundinamarca,Origen Indigena,"Nombre muisca, sitio histórico"
Cajicá,Cundinamarca,Origen Indigena,"Nombre muisca, referencia a fortaleza con maderos y cañas"
Firavitoba,Boyacá,Origen Indigena,"Nombre muisca, terminación -va (cumbre, cresta)"
Boavita,Boyacá,Origen Indigena,"Nombre muisca, terminación -vita (cumbre, cresta)"
Cuítiva,Boyacá,Origen Indigena,"Nombre muisca, junto a la laguna de Tota"
Panqueba,Boyacá,Origen Indigena,"Nombre muisca, pueblo natal del maestro Luis A. Calvo"
Pisba,Boyacá,Origen Indigena,"Nombre muisca, nombre del páramo y del cacique de la zona"
Motavita,Boyacá,Origen Indigena,"Nombre muisca, cresta o cumbre"
Cómbita,Boyacá,Origen Indigena,"Nombre muisca, localidad del corazón de Boyacá"
Chulavita,Boavita,Origen Indigena,"Nombre muisca, vereda famosa de Boavita"
Chachavita,Boavita,Origen Indigena,"Nombre muisca, vereda en el norte de Boyacá"
Bochalema,Norte de Santander,Origen Indigena,"Nombre de origen indígena, cercano a Pamplona"
Bucarasica,Norte de Santander,Origen Indigena,"Pueblo ubicado en un filo con una única carretera de entrada y salida, nombre indígena"
Bucaramanga,Santander,Origen Indigena,"Ciudad fundada sobre un antiguo asentamiento indígena, origen discutido"
Cáchira,Norte de Santander,Origen Indigena,"Nombre indígena, pueblo con historia ligada a batallas de independencia"
Carcasí,Santander,Origen Indigena,"Nombre derivado de grupo indígena de los carcasíes, con iglesia colonial antigua"
Cepitá,Santander,Origen Indigena,"Nombre indígena chitarero, pueblo en páramo de Santurbán"
Charta,Santander,Origen Indigena,"Nombre indígena ligado a líder cacique, primera misa en región"
Chima,Santander,Origen Indigena,"Nombre indígena, situado en serranía de Yariguíes"
Chipatá,Santander,Origen Indigena,"Primer lugar de la región donde se ofició misa, nombre indígena"
Chitagá,Norte de Santander,Origen Indigena,"Nombre de etnia chitarera, grupo cercano a los chitareros guanes"
Chinácota,Norte de Santander,Origen Indigena,"Nombre indígena, sitio de la herida mortal del conquistador Ambrosio Alfinger"
Chinú,Córdoba,Origen Indigena,"Nombre indígena, pueblo con cultura zenú"
Chimichagua,Cesar,Origen Indigena,"Nombre indígena chimila, famoso por la cumbia La Piragua"
Chiriguaná,Cesar,Origen Indigena,Nombre indígena chimila
Coello,Tolima,Origen Indigena,"Nombre indígena pijao, asentamiento histórico"
Contratación,Santander,Origen Indigena,"Nombre relacionado a lugar en provincia Guanentá, posible origen indígena"
Coromoro,Santander,Origen Indigena,"Nombre indígena, asociado a guerrillas de independencia"
Cúcuta,Norte de Santander,Origen Indigena,"Nombre indígena de la etnia cucutilla, fundada por Juana Rangel de Cuéllar"
Curumaní,Cesar,Origen Indigena,Nombre indígena chimila
Dabeiba,Antioquia,Origen Indigena,"Nombre derivado de una mujer mitológica Dabaibe, asociada a templos indígenas"
El Carmen de Chucurí,Santander,Origen Indigena,"Nombre derivado de río Chucurí, de origen indígena"
El Carmen de Viboral,Antioquia,Origen Indigena,Nombre religioso; zona con antecedente indígena
El Peñol,Antioquia,Origen Indigena,Nombre probablemente derivado de formación rocosa y toponimia indígena
El Tarra,Norte de Santander,Origen Indigena,"Nombre indígena, ubicado en cuenca del río Tarra en Catatumbo"
El Zulia,Norte de Santander,Origen Indigena,Nombre derivado de una mujer indígena líder de resistencia contra españoles
Espinal,Tolima,Origen Indigena,Nombre de origen indígena pijao
Facatativá,Cundinamarca,Origen Indigena,Nombre muisca; significa lugar de balsas o canoas
Firavitoba,Boyacá,Origen Indigena,Nombre muisca; localidad con iglesia monumental
Fómeque,Cundinamarca,Origen Indigena,Nombre muisca; significa 'beso del colibrí'
Fusagasugá,Cundinamarca,Origen Indigena,"Nombre muisca, frontera entre muiscas y sutagaos"
Galán,Santander,Origen Indigena,"Nombre de héroe de independencia, población con historia indígena"
Gámbita,Santander,Origen Indigena,"Nombre indígena, pueblo pintoresco de la provincia de Comunera"
Gámeza,Boyacá,Origen Indigena,Nombre de cacique local en provincia de Sugamuxi
Garagoa,Boyacá,Origen Indigena,Nombre muisca
Gachetá,Cundinamarca,Origen Indigena,Nombre muisca
Gachalá,Cundinamarca,Origen Indigena,Nombre muisca
Guaca,Santander,Origen Indigena,Nombre indígena convertido en sustantivo castellano
Guadalupe,Santander,Origen Indigena,"Nombre religioso, población con historia indígena"
Guadarrama,Santander,Origen Indigena,Población con historia indígena
Guaduas,Cundinamarca,Origen Indigena,"Nombre muisca, localidad histórica"
Guarne,Antioquia,Origen Indigena,"Nombre indígena, significado impreciso"
Güepsa,Santander,Origen Indigena,"Nombre indígena, en límites de muiscas y guanes"
Ibague,Tolima,Origen Indigena,"Nombre pijao, asociado a cacique o mujer indígena"
Iza,Boyacá,Origen Indigena,"Nombre muisca, conocido por aguas termales"
Labateca,Norte de Santander,Origen Indigena,"Nombre indígena, ubicado en límites entre tunebos y chitareros"
Líbano,Tolima,Origen Indigena,"Nombre posiblemente indígena, llamado así por influencia histórica"
Lorica,Córdoba,Origen Indigena,"Nombre de cacique indígena, Orica"
Macaravita,Santander,Origen Indigena,Nombre indígena muisca
Málaga,Santander,Origen Indigena,Población con historia indígena en región de García Rovira
Manatí,Atlántico,Origen Indigena,"Nombre posiblemente indígena, ciudad con historia colonial"
Manaure,Cesar,Origen Indigena,Nombre de cacique indígena noble
Marquetalia,Caldas,Origen Indigena,Nombre de etnia indígena conocida como marquetones
Mariquita,Tolima,Origen Indigena,Nombre indígena derivado de cacique local
Mistrató,Risaralda,Origen Indigena,Nombre indígena que significa 'río de las loras'
Molagavita,Santander,Origen Indigena,Nombre indígena muisca
Moniquirá,Boyacá,Origen Indigena,"Nombre muisca, 'cercado de baño'"
Monguí,Boyacá,Origen Indigena,"Nombre muisca, famoso por su basílica menor"
Motavita,Boyacá,Origen Indigena,"Nombre muisca, referente a cresta o cumbre"
Murindó,Antioquia,Origen Indigena,Nombre indígena en región Urabá
Mutatá,Antioquia,Origen Indigena,"Nombre indígena embera, variante mutadó"
Necoclí,Antioquia,Origen Indigena,Nombre indígena de la región de Urabá
Nechí,Antioquia,Origen Indigena,Término indígena relacionado con la palabra oro
Nimaima,Cundinamarca,Origen Indigena,Nombre indígena panche
Norosí,Bolívar,Origen Indigena,Nombre indígena de origen perdido
Ocaña,Norte de Santander,Origen Indigena,Nombre indígena de cacique local
Oiba,Santander,Origen Indigena,Nombre de cacique local indígena
Oicatá,Boyacá,Origen Indigena,Nombre muisca
Oporapa,Huila,Origen Indigena,Nombre indígena
Pamplona,Norte de Santander,Origen Indigena,Ciudad fundada en territorio indígena
Paya,Boyacá,Origen Indigena,"Nombre muisca, población olvidada"
Pasca,Cundinamarca,Origen Indigena,"Nombre muisca, conocido por la balsa de oro"
Pasto,Nariño,Origen Indigena,"Nombre indígena kamsá, significa 'lugar de fiesta'"
Pauna,Boyacá,Origen Indigena,"Nombre muzo, etnia caribe"
Pitalito,Huila,Origen Indigena,Nombre indígena asociado a palma amazónica
Pococí,Costa Rica,Origen Indigena,"Nombre originado en grupo indígena (fuera de Colombia, para referencia)"
Popayán,Cauca,Origen Indigena,"Nombre de origen nasa-paez, 'dos ríos' o 'viento'"
Quetame,Cundinamarca,Origen Indigena,Nombre muisca
Quimbaya,Quindío,Origen Indigena,Nombre de la cultura indígena precolombina quimbaya
Quinchía,Risaralda,Origen Indigena,"Nombre indígena, relacionado con 'quinchos' (cercado)"
Quipile,Cundinamarca,Origen Indigena,Nombre panche
Quípama,Boyacá,Origen Indigena,"Nombre muzo, zona de explotación de esmeraldas"
Ráquira,Boyacá,Origen Indigena,"Nombre muisca, 'ciudad de las ollas'"
Repelón,Atlántico,Origen Indigena,Nombre indígena de la región
Rionegro,Antioquia,Origen Indigena,"Nombre indígena desvirtuado, zona fluvial"
Roberto Payán,Nariño,Origen Indigena,"Nombre moderno, no indígena"
Salamina,Caldas,Origen Indigena,"Nombre indígena, etimología incierta"
San Agustín,Huila,Origen Indigena,Territorio de cultura indígena agustiniana
San Basilio de Palenque,Bolívar,Origen Indigena,Pueblo cimarrón con herencia africana e indígena
San Gil,Santander,Origen Indigena,Nombre colonial con presencia indígena guane
San José del Guaviare,Guaviare,Origen Indigena,Nombre patronímico español con topónimo indígena
San Vicente del Caguán,Caquetá,Origen Indigena,"Nombre compuesto, con raíz indígena"
Sardinata,Norte de Santander,Origen Indigena,Nombre indígena
Simití,Bolívar,Origen Indigena,Nombre indígena tradicional con referencias desde 1537
Sogamoso,Boyacá,Origen Indigena,Nombre muisca: 'morada del sol'
Socha,Boyacá,Origen Indigena,Nombre muisca
Soacha,Cundinamarca,Origen Indigena,"Nombre muisca, 'hombre del sol'"
Somondoco,Boyacá,Origen Indigena,Nombre muisca; tierra del chicharrón de cuajada
Sotaquirá,Boyacá,Origen Indigena,Nombre muisca
Suaza,Huila,Origen Indigena,Significa 'río de la tierra pequeña' en lengua local
Susa,Cundinamarca,Origen Indigena,Nombre muisca
Sutamarchán,Boyacá,Origen Indigena,Nombre muisca
Sutatausa,Cundinamarca,Origen Indigena,Nombre muisca
Sutatenza,Boyacá,Origen Indigena,Nombre muisca
Tabio,Cundinamarca,Origen Indigena,Nombre muisca
Tamalameque,Cesar,Origen Indigena,"Nombre indígena, líder que resistió conquista"
Tena,Cundinamarca,Origen Indigena,Nombre muisca
Tibacuy,Cundinamarca,Origen Indigena,Nombre muisca
Tibú,Norte de Santander,Origen Indigena,Nombre indígena embera
Tibirita,Cundinamarca,Origen Indigena,Nombre muisca
Timaná,Huila,Origen Indigena,"Nombre indígena, 'caliente' o 'caluroso'"
Tinjacá,Boyacá,Origen Indigena,Nombre muisca
Tocancipá,Cundinamarca,Origen Indigena,Nombre muisca
Toluviejo,Sucre,Origen Indigena,Nombre indígena desvirtuado
Topaipí,Cundinamarca,Origen Indigena,Nombre indígena muzo-caribe
Tota,Boyacá,Origen Indigena,"Nombre muisca, hace referencia a 'laguna'"
Totoró,Cauca,Origen Indigena,Nombre nasa-paez
Tunja,Boyacá,Origen Indigena,"Nombre muisca, 'cercado del cacique'"
Tununguá,Boyacá,Origen Indigena,Nombre muzo
Turbaná,Bolívar,Origen Indigena,Nombre indígena derivado de cacique Yurbaná
Turbaco,Bolívar,Origen Indigena,Nombre indígena derivado de cacique Yurbaco
Tuta,Boyacá,Origen Indigena,Nombre muisca
Ubaté,Cundinamarca,Origen Indigena,Nombre muisca
Uramita,Antioquia,Origen Indigena,"Nombre indígena, diminutivo de 'totuma'"
Urrao,Antioquia,Origen Indigena,Nombre indígena nutabe
Usiacurí,Atlántico,Origen Indigena,Nombre indígena local
Valledupar,Cesar,Origen Indigena,Nombre derivado del cacique Upar
Vegachí,Antioquia,Origen Indigena,Nombre con posible sonoridad indígena accidental
Yalí,Antioquia,Origen Indigena,Nombre indígena
Yondó,Antioquia,Origen Indigena,Nombre indígena embera
Yopal,Casanare,Origen Indigena,Nombre indígena de los llanos
Zapatoca,Santander,Origen Indigena,"Nombre guane, probable significado 'sepultura del padre en lo alto del río'"
Zipacón,Cundinamarca,Origen Indigena,"Nombre muisca, 'lugar del zipa'"
Zipaquirá,Cundinamarca,Origen Indigena,"Nombre muisca, 'ciudad del zipa', famosa por sus minas de sal"
Barrancabermeja,Santander,Origen Indigena,Nombre con raíces indígenas guanes; ciudad petrolera y puerto fluvial
Berbeo,Boyacá,Origen Indigena,"Nombre muisca, municipio pequeño con patrimonio colonial"
Boyacá,Boyacá,Origen Indigena,Nombre muisca; región y municipio en el corazón del altiplano andino
Briceno,Antioquia,Origen Indigena,Nombre de origen indígena
Buenaventura,Valle del Cauca,Origen Indigena,Nombre colonial con fuerte presencia indígena originaria en territorio pacífico
Bugalagrande,Valle del Cauca,Origen Indigena,Nombre con posible origen indígena mezclado con voces españolas
Bucaramanga,Santander,Origen Indigena,"Nombre con raíces indígenas guanes, ciudad fundada sobre asentamiento precolombino"
Cabrera,Cundinamarca,Origen Indigena,"Nombre de origen español, territorio con presencia ancestral indígena"
Cachipay,Cundinamarca,Origen Indigena,Nombre panche
Cacota,Norte de Santander,Origen Indigena,Nombre de etnia indígena local
Caicedonia,Valle del Cauca,Origen Indigena,"Nombre derivado de apellido español, región con presencia indígena"
Calarcá,Quindío,Origen Indigena,Nombre indígena relacionado con cultura quimbaya
Cambao,Antioquia,Origen Indigena,Nombre indígena poco documentado
Candelaria,Valle del Cauca,Origen Indigena,Nombre religioso con asentamientos indígenas en la zona
Caparrapí,Cundinamarca,Origen Indigena,Nombre indígena caribe con significado incierto
Caramanta,Antioquia,Origen Indigena,"Nombre indígena, paraje en límites de departamentos"
Carepa,Antioquia,Origen Indigena,"Nombre que significa 'papagayo', lengua embera"
Carmen de Viboral,Antioquia,Origen Indigena,Nombre religioso con antecedentes indígenas
Cartagena,Bolívar,Origen Indigena,"Nombre colonial, territorio con fuerte presencia indígena precolombina"
Cartago,Valle del Cauca,Origen Indigena,"Nombre colonial, región prehispánica con asentamientos indígenas"
Chachagüí,Nariño,Origen Indigena,Nombre indígena guambiano o awá
Chía,Cundinamarca,Origen Indigena,Nombre muisca que significa 'luna'
Chimá,Córdoba,Origen Indigena,Nombre de un cacique local indígena
Chiquinquirá,Boyacá,Origen Indigena,Nombre muisca que significa 'cienaga de los muiscas'
Chocontá,Cundinamarca,Origen Indigena,Nombre muisca que significa 'cercado o fortaleza'
Chitagá,Norte de Santander,Origen Indigena,Nombre del grupo indígena chitarero
Chocó,Chocó,Origen Indigena,"Nombre indígena, departamento y municipio con vocablo propio"
Chocontá,Cundinamarca,Origen Indigena,"Nombre muisca, sitio de importancia precolombina"
Cicuco,Bolívar,Origen Indigena,Nombre derivado de cacique indígena malibú
Cocorná,Antioquia,Origen Indigena,"Nombre indígena embera, posible cacique local"
Coello,Tolima,Origen Indigena,Nombre indígena pijao
Coper,Boyacá,Origen Indigena,Nombre muzo-caribe
Corozal,Sucre,Origen Indigena,Nombre indígena con significado posible
Covarachía,Boyacá,Origen Indigena,"Nombre muisca, variante de Chía"
Cúcuta,Norte de Santander,Origen Indigena,Nombre de etnia cucutilla
Cubará,Boyacá,Origen Indigena,Nombre indígena uwa o tunebo
Curumaní,Cesar,Origen Indigena,Nombre indígena chimila
Dabeiba,Antioquia,Origen Indigena,Nombre que deriva de mujer mitológica Dabaibe
Delicias,Antioquia,Origen Indigena,Nombre español en municipio con raíces indígenas
Duitama,Boyacá,Origen Indigena,Nombre muisca; cacique con significado 'cercado o fortaleza'
El Bagre,Antioquia,Origen Indigena,Nombre asociado a río de vocablo indígena chocoano
El Carmen de Chucurí,Santander,Origen Indigena,Nombre compuesto con vocablo indígena
El Charco,Nariño,Origen Indigena,"Nombre oriundo de la región, con posible toponimia indígena"
El Dorado,Meta,Origen Indigena,"Nombre legendario, con origen en mito indígena"
El Zulia,Norte de Santander,Origen Indigena,Nombre de una mujer indígena líder de resistencia
Florencia,Caquetá,Origen Indigena,Nombre colonial ubicado en territorio indígena huitoto
Fonseca,La Guajira,Origen Indigena,Nombre colonial en zona indígena wayúu
Fómeque,Cundinamarca,Origen Indigena,Nombre muisca que significa 'beso del colibrí'
Fusagasugá,Cundinamarca,Origen Indigena,"Nombre muisca, sitio de límite entre muiscas y sutagaos"
Gachalá,Cundinamarca,Origen Indigena,Nombre muisca
Gachetá,Cundinamarca,Origen Indigena,Nombre muisca
Garagoa,Boyacá,Origen Indigena,Nombre muisca
Garzón,Huila,Origen Indigena,Nombre con raíz indígena
Guaduas,Cundinamarca,Origen Indigena,Nombre muisca
Guapi,Cauca,Origen Indigena,Nombre indígena desvirtuado
Guasca,Cundinamarca,Origen Indigena,Nombre muisca
Guatapé,Antioquia,Origen Indigena,"Nombre indígena tahamí, referente a la piedra sagrada"
Guatavita,Cundinamarca,Origen Indigena,"Nombre muisca, laguna sagrada de la leyenda de El Dorado"
Guayabal de Síquima,Cundinamarca,Origen Indigena,Nombre panche
Guática,Risaralda,Origen Indigena,Nombre caribe indígena
Hacarí,Norte de Santander,Origen Indigena,"Nombre derivado de hacaritamas, antiguos indígenas"
Honda,Tolima,Origen Indigena,Nombre colonial con precedente indígena panche
Ibagué,Tolima,Origen Indigena,"Nombre pijao, posiblemente cacique o mujer indígena"
Icononzo,Tolima,Origen Indigena,Nombre pijao que significa 'laguna del tigre'
Ipiales,Nariño,Origen Indigena,Nombre indígena de la región
Itagüí,Antioquia,Origen Indigena,Nombre embera
La Ceja,Antioquia,Origen Indigena,Nombre colonial ubicado en tierra indígena
La Tebaida,Quindío,Origen Indigena,Nombre indígena antiguo
Larandia,Caquetá,Origen Indigena,Nombre indígena de la región
Leticia,Amazonas,Origen Indigena,Nombre indígena ticuna o yagua
Lorica,Córdoba,Origen Indigena,Nombre de cacique indígena Orica
Malambo,Atlántico,Origen Indigena,Nombre indígena mokaná
Manaure,Cesar,Origen Indigena,Nombre de cacique indígena noble
Mariquita,Tolima,Origen Indigena,Nombre derivado de cacique local
Medellín,Antioquia,Origen Indigena,Nombre colonial en territorio indígena ancestral
Mitú,Vaupés,Origen Indigena,Nombre indígena en lengua yeral o ñengatú que significa un ave
Mocoa,Putumayo,Origen Indigena,"Nombre indígena desvirtuado, nombre de río afluente"
Moniquirá,Boyacá,Origen Indigena,Nombre muisca
Momil,Córdoba,Origen Indigena,Nombre indígena
Montelíbano,Córdoba,Origen Indigena,Nombre con raíz indígena y colonial
Mosquera,Cundinamarca,Origen Indigena,Nombre colonial
Murindó,Antioquia,Origen Indigena,Nombre indígena embera
Mutatá,Antioquia,Origen Indigena,Nombre indígena embera
Necoclí,Antioquia,Origen Indigena,Nombre indígena
Neiva,Huila,Origen Indigena,Nombre con posible origen importado
Nimaima,Cundinamarca,Origen Indigena,Nombre panche
Norosí,Bolívar,Origen Indigena,Nombre indígena de origen perdido
Ocaña,Norte de Santander,Origen Indigena,Nombre indígena
Oicatá,Boyacá,Origen Indigena,Nombre muisca
Oporapa,Huila,Origen Indigena,Nombre indígena
Pacho,Cundinamarca,Origen Indigena,"Nombre muisca, significa 'padre bueno'"
Paipa,Boyacá,Origen Indigena,Nombre muisca
Pitalito,Huila,Origen Indigena,Nombre indígena referido a palma amazónica
Popayán,Cauca,Origen Indigena,"Nombre nasa-paez, significa 'dos ríos' o 'viento'"
Puerto Nare,Antioquia,Origen Indigena,Nombre de cacique Naré
Quibdó,Chocó,Origen Indigena,Nombre indígena embera
Quinchía,Risaralda,Origen Indigena,"Nombre indígena, procedente de quinchos"
Quipile,Cundinamarca,Origen Indigena,Nombre panche
Quípama,Boyacá,Origen Indigena,Nombre muzo con actividad esmeraldífera
Ráquira,Boyacá,Origen Indigena,"Nombre muisca, 'ciudad de las ollas'"
Repelón,Atlántico,Origen Indigena,Nombre indígena de región
Rionegro,Antioquia,Origen Indigena,Nombre indígena desvirtuado
San Agustín,Huila,Origen Indigena,Territorio cultural indígena agustiniano
San Basilio de Palenque,Bolívar,Origen Indigena,Pueblo cimarrón con herencia africana e indígena
San Gil,Santander,Origen Indigena,"Nombre colonial, ubicado en territorio indígena guane"
Santa Marta,Magdalena,Origen Indigena,Nombre colonial con raíces indígenas tayronas
Sandoná,Nariño,Origen Indigena,'Lugar de las palmas' en quechua
Simití,Bolívar,Origen Indigena,Nombre indígena tradicional
Soacha,Cundinamarca,Origen Indigena,"Nombre muisca, significa 'hombre del sol'"
Sogamoso,Boyacá,Origen Indigena,"Nombre muisca, significa 'morada del sol'"
Suaza,Huila,Origen Indigena,Nombre indígena; 'río de la tierra pequeña'
Tarazá,Antioquia,Origen Indigena,Nombre indígena del río Tarazá
Tame,Arauca,Origen Indigena,Nombre de cacique indígena
Tibú,Norte de Santander,Origen Indigena,Nombre indígena embera
Titiribí,Antioquia,Origen Indigena,Nombre indígena
Tolú,Sucre,Origen Indigena,Nombre indígena desvirtuado
Tunja,Boyacá,Origen Indigena,"Nombre muisca, 'cercado del cacique'"
Urrao,Antioquia,Origen Indigena,Nombre indígena nutabe
Usiacurí,Atlántico,Origen Indigena,Nombre indígena local
Valledupar,Cesar,Origen Indigena,Derivado del cacique Upar
Vegachí,Antioquia,Origen Indigena,Nombre con sonoridad indígena accidental
Yalí,Antioquia,Origen Indigena,Nombre indígena
Yopal,Casanare,Origen Indigena,Nombre indígena de llanos
Zapatoca,Santander,Origen Indigena,"Nombre guane, 'sepultura del padre en lo alto del río'"
Zipacón,Cundinamarca,Origen Indigena,"Nombre muisca, 'lugar del zipa'"
Zipaquirá,Cundinamarca,Origen Indigena,"Nombre muisca, 'ciudad del zipa', famosa por minas de sal"
Tibasosa,Boyacá,Origen Indigena,Nombre muisca
Tinjacá,Boyacá,Origen Indigena,Nombre muisca
Toca,Boyacá,Origen Indigena,"Nombre muisca, con dos iglesias en la plaza principal"
Togüí,Boyacá,Origen Indigena,Nombre muisca
Tópaga,Boyacá,Origen Indigena,Nombre muisca
Tota,Boyacá,Origen Indigena,"Nombre muisca, hace referencia a 'laguna'"
Tunja,Boyacá,Origen Indigena,"Nombre muisca, 'cercado del cacique'"
Tununguá,Boyacá,Origen Indigena,Nombre muzo
Turmequé,Boyacá,Origen Indigena,Nombre muisca
Turmalina,Santander,Origen Indigena,"Nombre de origen hispano, con legado indígena local"
Ubalá,Cundinamarca,Origen Indigena,Nombre muisca
Ubaté,Cundinamarca,Origen Indigena,Nombre muisca
Unguía,Chocó,Origen Indigena,Nombre indígena del Pacífico colombiano
Une,Cundinamarca,Origen Indigena,Nombre muisca
Úmbita,Boyacá,Origen Indigena,Nombre muisca
Valparaíso,Apartadó (Antioquia),Origen Indigena,Nombre con posible influencia directa indígena en la región
Vegachí,Antioquia,Origen Indigena,Nombre con sonoridad indígena posiblemente accidental
Viotá,Cundinamarca,Origen Indigena,Nombre muisca
Yalí,Antioquia,Origen Indigena,Nombre indígena
Yarumal,Antioquia,Origen Indigena,Nombre indígena de origen desconocido
Yondó,Antioquia,Origen Indigena,Nombre indígena embera
Zapayán,Magdalena,Origen Indigena,"Nombre indígena caribe, con sus orígenes en caciques locales"
Zapatoca,Santander,Origen Indigena,"Nombre guane, podría significar 'sepultura del padre en lo alto del río'"
Zipacón,Cundinamarca,Origen Indigena,"Nombre muisca, 'lugar del zipa'"
Zipaquirá,Cundinamarca,Origen Indigena,"Nombre muisca, 'ciudad del zipa', reconocida por sus minas de sal"
Yondó,Antioquia,Origen Indigena,"Nombre indígena embera, con influencia de la región de Urabá"
Apartadó,Antioquia,Origen Indigena,"Nombre indígena embera, significa 'puerto de bananos', capital informal de Urabá"
Murindó,Antioquia,Origen Indigena,"Nombre indígena en la ribera derecha del río Atrato, región antioqueña"
Tarazá,Antioquia,Origen Indigena,"Nombre del río Tarazá, de origen indígena chocoano"
Nechí,Antioquia,Origen Indigena,Término indígena relacionado con la palabra oro
Dabeiba,Antioquia,Origen Indigena,"Nombre derivado de una mujer mitológica Dabaibe, asociada a templos indígenas"
Peque,Antioquia,Origen Indigena,"Nombre indígena nutabe, pueblo ubicado sobre cerros junto al río Cauca"
Ebéjico,Antioquia,Origen Indigena,Nombre indígena que hace referencia a grupo nutabe y a un cacique
Cocorná,Antioquia,Origen Indigena,Nombre indígena derivado posiblemente de un cacique embera
Guarne,Antioquia,Origen Indigena,"Nombre indígena del oriente antioqueño, significado incierto"
Guatapé,Antioquia,Origen Indigena,"Nombre tahamí, indígena, hace referencia a la piedra sagrada"
Itagüí,Antioquia,Origen Indigena,"Nombre indígena, antiguo asentamiento embera en el Valle de Aburrá"
Titiribí,Antioquia,Origen Indigena,Nombre indígena embera
Yalí,Antioquia,Origen Indigena,Nombre indígena ubicado en una cresta montañosa
Vegachí,Antioquia,Origen Indigena,Nombre con posible sonoridad indígena accidental
Yarumal,Antioquia,Origen Indigena,Nombre indígena de origen desconocido
Urrao,Antioquia,Origen Indigena,"Nombre indígena nutabe, ubicado en el suroeste antioqueño"
Carepa,Antioquia,Origen Indigena,Nombre indígena que significa 'papagayo' en lengua embera
La Ceja,Antioquia,Origen Indigena,"Nombre de origen español, región con algún antecedente indígena"
Baranoa,Atlántico,Origen Indigena,"Nombre incierto, posiblemente de cacique local o planta; ya nombrado en el siglo XVI"
Galapa,Atlántico,Origen Indigena,"Nombre indígena, pueblo ancestral con restos arqueológicos milenarios"
Malambo,Atlántico,Origen Indigena,"Nombre indígena, 'río de aguas blancas' en lengua mokaná"
Luruaco,Atlántico,Origen Indigena,Nombre indígena mokaná que significa 'lugar de canoas'
Piojó,Atlántico,Origen Indigena,Nombre derivado de cacique indígena local
Repelón,Atlántico,Origen Indigena,Nombre indígena de la región
Sabanagrande,Atlántico,Origen Indigena,Nombre indígena de origen incierto
Sabanalarga,Atlántico,Origen Indigena,Nombre indígena de la región
Tubará,Atlántico,Origen Indigena,Nombre indígena posiblemente relacionado con palabra taína que significa ‘tiburón’ o 'mirando al mar'
Usiacurí,Atlántico,Origen Indigena,Nombre indígena de origen local
Cereté,Córdoba,Origen Indigena,"Nombre indígena, lugar principal de cultura zenú"
Chimá,Córdoba,Origen Indigena,Nombre de cacique local indígena
Lorica,Córdoba,Origen Indigena,Nombre derivado de cacique indígena Orica
Momil,Córdoba,Origen Indigena,"Nombre indígena, región con patrimonio ancestral"
San Antero,Córdoba,Origen Indigena,Nombre indígena desvirtuado
Tuchín,Córdoba,Origen Indigena,Nombre indígena asociado con sombrero típico vueltiao
Ayapel,Córdoba,Origen Indigena,Nombre derivado de cacique Panzenú llamado Yapé o Yapel
San Basilio de Palenque,Bolívar,Origen Indigena,"Consolidado como primer pueblo libre de América, con herencia africana e indígena"
Turbaco,Bolívar,Origen Indigena,Nombre indígena derivado de cacique Yurbaco
Turbaná,Bolívar,Origen Indigena,Nombre indígena derivado de cacique Yurbaná
Mahates,Bolívar,Origen Indigena,"Nombre de grupo indígena malibú, emparentado con cultura caribe"
Magangué,Bolívar,Origen Indigena,Nombre indígena vinculado al río Magdalena
Mompox,Bolívar,Origen Indigena,Nombre derivado del cacique Mompoj o Mompós
Cicuco,Bolívar,Origen Indigena,Nombre derivado de cacique malibú
Tiquisio,Bolívar,Origen Indigena,Nombre indígena de origen perdido
Norosí,Bolívar,Origen Indigena,Nombre indígena con origen incierto
Simití,Bolívar,Origen Indigena,Nombre indígena tradicional con templos que datan del siglo XVIII
Valledupar,Cesar,Origen Indigena,Nombre derivado del cacique Upar
Chimichagua,Cesar,Origen Indigena,Nombre indígena chimila
Chiriguaná,Cesar,Origen Indigena,Nombre indígena chimila
Curumaní,Cesar,Origen Indigena,Nombre indígena chimila
Tamalameque,Cesar,Origen Indigena,Nombre indígena de cacique líder que resistió conquista española
Manaure,Cesar,Origen Indigena,Nombre de cacique indígena noble
Yopal,Casanare,Origen Indigena,Nombre indígena del llano colombiano
Paz de Ariporo,Casanare,Origen Indigena,Nombre indígena con influencia católica y sufijo comunicado -are
Chámeza,Casanare,Origen Indigena,"Nombre indígena, con farallones homónimos y raíces muiscas"
Nunchía,Casanare,Origen Indigena,Nombre sáliba que significa 'río verde'
Arauca,Arauca,Origen Indigena,Nombre indígena vinculado al bramido del río al llegar a la llanura
Tame,Arauca,Origen Indigena,Nombre de cacique indígena local
Cubará,Boyacá,Origen Indigena,Nombre indígena uwa o tunebo
Coper,Boyacá,Origen Indigena,Nombre indígena muzo-caribe
Chíquiza,Boyacá,Origen Indigena,Nombre muisca
Chiscas,Boyacá,Origen Indigena,"Nombre muisca, con templo doctrinero en piedra viva"
Chita,Boyacá,Origen Indigena,Nombre muisca
Chitaraque,Boyacá,Origen Indigena,Nombre muisca
Cómbita,Boyacá,Origen Indigena,Nombre muisca
Firavitoba,Boyacá,Origen Indigena,"Nombre muisca, con importante iglesia"
Floresta,Boyacá,Origen Indigena,Nombre muisca
Gámeza,Boyacá,Origen Indigena,Nombre de cacique muisca local
Guateque,Boyacá,Origen Indigena,Nombre muisca
Guayatá,Boyacá,Origen Indigena,Nombre muisca
Iza,Boyacá,Origen Indigena,Nombre muisca conocido por aguas termales
Monguí,Boyacá,Origen Indigena,"Nombre muisca, con basílica menor famosa"
Motavita,Boyacá,Origen Indigena,"Nombre muisca, referido a cresta o cumbre"
Nobsa,Boyacá,Origen Indigena,"Nombre muisca, famosa por sus tejidos"
Otanche,Boyacá,Origen Indigena,Nombre indígena muzo-caribe
Paipa,Boyacá,Origen Indigena,Nombre muisca
Pauna,Boyacá,Origen Indigena,Nombre muzo-caribe
Pesca,Boyacá,Origen Indigena,Nombre muisca
Paz de Río,Boyacá,Origen Indigena,Nombre muisca
Quípama,Boyacá,Origen Indigena,"Nombre muzo, zona importante de esmeraldas"
Ráquira,Boyacá,Origen Indigena,"Nombre muisca, 'ciudad de las ollas'"
Sogamoso,Boyacá,Origen Indigena,"Nombre muisca, 'morada del sol'"
Socha,Boyacá,Origen Indigena,Nombre muisca
Soatá,Boyacá,Origen Indigena,"Nombre muisca, asociado con el sol"
Sotaquirá,Boyacá,Origen Indigena,Nombre muisca
Susacón,Boyacá,Origen Indigena,Nombre muisca
Sutamarchán,Boyacá,Origen Indigena,Nombre muisca
Sutatenza,Boyacá,Origen Indigena,Nombre muisca
Tibasosa,Boyacá,Origen Indigena,Nombre muisca
Tinjacá,Boyacá,Origen Indigena,Nombre muisca
Tópaga,Boyacá,Origen Indigena,Nombre muisca
Tota,Boyacá,Origen Indigena,"Nombre muisca, significa laguna"
Tunja,Boyacá,Origen Indigena,"Nombre muisca, 'cercado del cacique'"
Tununguá,Boyacá,Origen Indigena,Nombre muzo
Ubaté,Cundinamarca,Origen Indigena,Nombre muisca
Zipacón,Cundinamarca,Origen Indigena,"Nombre muisca, 'lugar del zipa'"
Zipaquirá,Cundinamarca,Origen Indigena,"Nombre muisca, 'ciudad del zipa', importante por sus minas de sal"
Funza,Cundinamarca,Origen Indigena,"Nombre muisca, asiento del zipa, origen de Bogotá"
Chía,Cundinamarca,Origen Indigena,"Nombre muisca, significa 'luna'"
Cajicá,Cundinamarca,Origen Indigena,"Nombre muisca, cercado fortificado con maderos"
Fómeque,Cundinamarca,Origen Indigena,"Nombre muisca, significa 'beso del colibrí'"
Sesquilé,Cundinamarca,Origen Indigena,"Nombre muisca, vecino término a la laguna de Guatavita"
Subachoque,Cundinamarca,Origen Indigena,Nombre muisca
Cogua,Cundinamarca,Origen Indigena,Nombre muisca
Gachetá,Cundinamarca,Origen Indigena,Nombre muisca
Guachetá,Cundinamarca,Origen Indigena,Nombre muisca
Machetá,Cundinamarca,Origen Indigena,Nombre muisca
Manta,Cundinamarca,Origen Indigena,Nombre muisca
Supatá,Cundinamarca,Origen Indigena,Nombre muisca
Tibirita,Cundinamarca,Origen Indigena,Nombre muisca
Tabio,Cundinamarca,Origen Indigena,Nombre muisca
Tenjo,Cundinamarca,Origen Indigena,Nombre muisca
Une,Cundinamarca,Origen Indigena,Nombre muisca
Sibaté,Cundinamarca,Origen Indigena,"Nombre muisca, sur de Bogotá"
Guatavita,Cundinamarca,Origen Indigena,"Nombre muisca, laguna sagrada y origen de la leyenda de El Dorado"
Abejorral,Antioquia,Origen Natural,Nombrado por los abejorros que atacaron a los primeros colonos
La Hormiga,Putumayo,Origen Natural,Llamado así por la abundancia de hormigas y sus picaduras
Carmen de Viboral,Antioquia,Origen Religioso,"Devoción mariana y presencia del ""viboral"" (serpiente venenosa)"
La Dorada,Caldas,Origen Natural,Por el pez dorada del río Magdalena
El Bagre,Antioquia,Origen Natural,Por el pez bagre abundante en la región
Sardinata,Norte de Santander,Origen Natural,"Por la abundancia de ""sardinas"" y nata sobre el agua en el río local"
Guacamayas,Boyacá,Origen Natural,Por el ave guacamaya (origen guaraní)
El Guacamayo,Santander,Origen Natural,Por el ave guacamayo (psitácido)
Cotorra,Córdoba,Origen Natural,Por la abundancia de cotorras en la región
Pajarito,Boyacá,Origen Natural,Derivado probablemente de “pájaro”; otras versiones indican posible origen indígena
El Aguila,Valle del Cauca,Origen Natural,Por la presencia de águilas en la zona
El Paujil,Caquetá,Origen Natural,Por el ave amazónica paujil
Garzón,Huila,Origen Natural,Por la presencia del ave garzón
Ovejas,Sucre,Origen Natural,Por abundancia de ovejas y nombre previo de hacienda
Manatí,Atlántico,Origen Natural,Por el manatí cazado en la región (palabra de origen taíno)
Venadillo,Tolima,Origen Natural,Abundancia de venados en la zona
Cabrera,Santander,Origen Natural,Algunos dicen por abundancia de cabras
Santa Rosa de Osos,Antioquia,Origen Natural,Por gran cantidad de osos antes de la fundación
Frontino,Antioquia,Origen Natural,Por la mancha blanca en una peña (asociada a caballos frontinos)
Ponedera,Atlántico,Origen Natural,"Por las iguanas y tortugas que ""ponían"" huevos allí"
Cumaral,Meta,Origen Natural,Por la palma cumare/nombre indígena
Cubarral,Meta,Origen Natural,Por la palma cubarro usada por indígenas
Cumaribo,Vichada,Origen Natural,Por la palma “cumare”
Corozal,Sucre,Origen Natural,Por la palma de corozo (de origen taíno)
Los Palmitos,Sucre,Origen Natural,Por el palmar de Sabal mauritiiformis
Palmar de Varela,Atlántico,Origen Natural,Por palmas en la zona y el apellido del fundador (Catalino Varela)
Macanal,Boyacá,Origen Natural,Por la palmera macana usada por indígenas
Palmar,Santander,Origen Natural,Por abundancia de palmas
Palmas del Socorro,Santander,Origen Natural,Por palmas de la región
Salazar de las Palmas,Norte de Santander,Origen Natural,Por la abundancia de palmas; “de las Palmas” añadido al apellido Salazar
San José del Palmar,Chocó,Origen Religioso,Por las palmas y patrono San José
Guaduas,Cundinamarca,Origen Natural,Por la abundancia de guadua (bambú)
Cañasgordas,Antioquia,Origen Natural,Por la abundancia de cañas gordas (guaduales)
López de Micay,Cauca,Origen Natural,Por el río Micay (planta homónima) y el presidente José Hilario López
Majagual,Sucre,Origen Natural,Por el árbol majagua (origen taíno)
Guamo,Tolima,Origen Natural,Por el árbol guamo (Inga spuria)
El Guamo,Bolívar,Origen Natural,Por el árbol guamo
Guamal,Magdalena,Origen Natural,Por el árbol guamo
Guamal,Meta,Origen Natural,Por el árbol guamo
Algarrobo,Magdalena,Origen Natural,Por el árbol algarrobo
Caracolí,Antioquia,Origen Natural,Por el árbol caracolí (Anacardium excelsum)
Caracolicito,Cesar,Origen Natural,Por el árbol caracolí
La Jagua de Ibirico,Cesar,Origen Natural,Por el árbol jagua (Genipa americana) de origen taíno
La Jagua del Pilar,La Guajira,Origen Natural,Por el árbol jagua (Genipa americana)
La Jagua,Huila,Origen Natural,Por el árbol jagua (Genipa americana)
Yopal,Casanare,Origen Natural,Por el árbol yopo (Anadenanthera peregrina)
El Piñón,Magdalena,Origen Natural,Por el árbol piñón de oreja (Enterolobium cyclocarpum)
Caimito,Sucre,Origen Natural,Por el árbol caimito (Chrysophyllum cainito
Guayabal de Siquima,Cundinamarca,Origen Natural,"Por el árbol guayaba y topónimo indígena ""Siquima"""
Guayabetal,Cundinamarca,Origen Natural,Por el árbol y bosques de guayaba
Chaparral,Tolima,Origen Natural,Por el arbusto chaparro (Curatella americana)
Chibolo,Magdalena,Origen Natural,Por el árbol chibolo (carreto) o etnia indígena homónima
Pivijay,Magdalena,Origen Natural,Por el árbol pivijay
Arboledas,Norte de Santander,Origen Natural,Por la abundancia de arboledas (bosques)
Acacías,Meta,Origen Natural,Por las flores de acacia de la zona
Hobo,Huila,Origen Natural,Por el árbol hobo (Spondias mombin)
Vijes,Valle del Cauca,Origen Natural,Por el cultivo de achiote (“vija”) en lengua indígena
El Espinal,Tolima,Origen Natural,Por el arbusto espinal
El Espino,Boyacá,Origen Natural,Por el arbusto espino
Zarzal,Valle del Cauca,Origen Natural,Por el arbusto zarzal (lugar de zarzas)
El Pital,Huila,Origen Natural,Por las plantas de fique (pita)
Pitalito,Huila,Origen Natural,Derivado de El Pital; también por migrantes desde allá
Cabuyaro,Meta,Origen Natural,Por la planta de fique (“cabuyas”)
El Rosal,Cundinamarca,Origen Natural,Por las rosas cultivadas en la región
Floresta,Boyacá,Origen Natural,Por la flora abundante
Heliconia,Antioquia,Origen Natural,Por la planta heliconia
Jardín,Antioquia,Origen Natural,Por el carácter florido del territorio
Pradera,Valle del Cauca,Origen Natural,Por las praderas de la zona
Florida,Valle del Cauca,Origen Natural,Por las flores y vegetación
La Florida,Nariño,Origen Natural,Por vegetación florida (reemplazó nombre indígena)
Floridablanca,Santander,Origen Natural,Homenaje al conde de Floridablanca; no refiere flor directamente
Ciénaga,Magdalena,Origen Natural,Referencia a lago o pantano cercano al río Magdalena
Ciénaga de Oro,Córdoba,Origen Natural,Laguna o ciénaga rica en oro según tradición local
El Charco,Nariño,Origen Natural,"Referencia a pequeños depósitos de agua ""charcos"" abundantes en la región"
Ciénega,Boyacá,Origen Indigena,"Del chibcha ""Sie"" deidad de las aguas"
Angostura,Antioquia,Origen Natural,Por paso estrecho de quebrada y por el Congreso de Angostura en Venezuela
Turmequé,Boyacá,Origen Indigena,Por el cacique indígena Turmequé
Calarcá,Quindío,Origen Indigena,Por el cacique Calarcá de Quindío
Manaure,La Guajira,Origen Indigena,Por el cacique indígena Manaure
Tamalameque,Cesar,Origen Indigena,Por el cacique Tamalameque
Tocaima,Cundinamarca,Origen Indigena,Por el cacique indígena Tocaima
Dabeiba,Antioquia,Origen Indigena,Por la cacica Dabeiba indígena de la región
El Zulia,Norte de Santander,Origen Indigena,Por la cacica Zulia
Inírida,Guainía,Origen Indigena,Por la cacica Inírida leyenda local
Mapiripán,Meta,Origen Indigena,Por la cacica Mapiripán
Colón,Putumayo,Origen por nombre de una persona,En honor a Cristóbal Colón
Colón,Nariño,Origen por nombre de una persona,En honor a Cristóbal Colón
Nuevo Colón,Boyacá,Origen por nombre de una persona,En honor a Cristóbal Colón (antes Chiriví)
Génova,Nariño,Origen Europeo,En homenaje a Génova Italia ciudad natal de Colón
Balboa,Risaralda,Origen por nombre de una persona,En honor a Vasco Núñez de Balboa descubridor del Pacífico
Balboa,Cauca,Origen por nombre de una persona,En honor a Vasco Núñez de Balboa descubridor del Pacífico
Pizarro,Chocó,Origen por nombre de una persona,En honor a Francisco Pizarro conquistador del Perú
Belalcázar,Caldas,Origen por nombre de una persona,En honor a Sebastián de Belalcázar conquistador español
Belalcázar,Cauca,Origen por nombre de una persona,En honor a Sebastián de Belalcázar conquistador español
Aldana,Nariño,Origen por nombre de una persona,En honor a Lorenzo de Aldana fundador de Pasto
Andagoya,Chocó,Origen por nombre de una persona,En honor a Pascual de Andagoya conquistador español
Alvarado,Tolima,Origen por nombre de una persona,En honor a Pedro de Alvarado capitán de conquista
Saldaña,Tolima,Origen por nombre de una persona,Por soldado Saldaña que murió ahogado en el río local
Linares,Nariño,Origen por nombre de una persona,En honor a militar Lorenzo de Aldana
Valdivia,Antioquia,Origen por nombre de una persona,En honor a Andrés de Valdivia conquistador
Lebrija,Santander,Origen por nombre de una persona,Por Antonio de Lebrija nieto del humanista español
Ortega,Tolima,Origen por nombre de una persona,En honor al capitán Juan de Ortega y Carrillo
Barbosa,Antioquia,Origen por nombre de una persona,Por Diego Fernández Barbosa hacendado colonial
Barbosa,Santander,Origen por nombre de una persona,Por Heliodoro Barbosa encomendero colonial
Girón,Santander,Origen por nombre de una persona,Por Sancho Girón de Narváez presidente colonial
Beltrán,Cundinamarca,Origen por nombre de una persona,Por Francisco Félix Beltrán encomendero
Arjona,Bolívar,Origen por nombre de una persona,Por Bartolomé de Arjona encomendero
Galán,Santander,Origen por nombre de una persona,En honor a José Antonio Galán líder comunero
Berbeo,Boyacá,Origen por nombre de una persona,En honor a Juan Francisco Berbeo comandante comunero
Lengupá,Boyacá,Origen Indigena,Por el río Lengupá nombre indígena (antiguo nombre del pueblo Berbeo)
Rondón,Boyacá,Origen por nombre de una persona,En honor a Juan José Rondón prócer de independencia
Puerto Rondón,Arauca,Origen por nombre de una persona,En honor a Juan José Rondón prócer de independencia
Miranda,Cauca,Origen por nombre de una persona,En honor a Francisco Miranda político venezolano
Páez,Boyacá,Origen por nombre de una persona,En honor a José Antonio Páez militar venezolano
Páez,Cauca,Origen Indigena,Por el pueblo indígena paez
Anzoátegui,Tolima,Origen por nombre de una persona,En honor a José Antonio Anzoátegui héroe de Boyacá
Baraya,Huila,Origen por nombre de una persona,En honor a Antonio Baraya general independentista
Acevedo,Huila,Origen por nombre de una persona,Por José Acevedo y Gómez prócer de independencia
Liborina,Antioquia,Origen por nombre de una persona,Por Liborio Mejía Gutiérrez prócer antioqueño
Rovira,Tolima,Origen por nombre de una persona,Por Custodio García Rovira líder y general
Villavicencio,Meta,Origen por nombre de una persona,Por Antonio Villavicencio político y militar
Neira,Caldas,Origen por nombre de una persona,Por Juan José Neira prócer de independencia
Padilla,Cauca,Origen por nombre de una persona,Por José Prudencio Padilla almirante
Pereira,Risaralda,Origen por nombre de una persona,Por José Francisco Pereira militar y abogado
Armero,Tolima,Origen por nombre de una persona,Por José León Armero prócer de independencia
Fortul,Arauca,Origen por nombre de una persona,Por coronel Pedro Fortoul
Tello,Huila,Origen por nombre de una persona,Por José María Tello Salas coronel y héroe de Ayacucho
Policarpa,Nariño,Origen por nombre de una persona,Por Policarpa Salavarrieta heroína de independencia
Ábrego,Norte de Santander,Origen por nombre de una persona,Por Mercedes Abrego heroína de independencia
Madrid,Cundinamarca,Origen por nombre de una persona,Por Pedro Fernández Madrid
Carolina del Príncipe,Antioquia,Origen por nombre de una persona,Por el Príncipe de Asturias (Carlos IV)
Clemencia,Bolívar,Origen por nombre de una persona,Por María Clemencia Grau antigua propietaria
Margarita,Bolívar,Origen por nombre de una persona,Por Margarita Durán de Cogollo propietaria momposina
La Celia,Risaralda,Origen por nombre de una persona,Por comerciante llamada Celia
Leticia,Amazonas,Origen por nombre de una persona,Por Leticia Smith mujer de Iquitos Perú
Silvia,Cauca,Origen por nombre de una persona,Por una mujer de nombre Silvia (por iniciativa de un párroco)
Obando,Valle del Cauca,Origen por nombre de una persona,Por José María Obando presidente de la República
Mosquera,Cundinamarca,Origen por nombre de una persona,Por Tomás Cipriano de Mosquera presidente
Mosquera,Nariño,Origen por nombre de una persona,Por Tomás Cipriano de Mosquera presidente
López de Micay,Cauca,Origen por nombre de una persona,Por José Hilario López presidente y el río Micay
Albán,Cundinamarca,Origen por nombre de una persona,Por Carlos Albán general conservador
Uribia,La Guajira,Origen por nombre de una persona,Por Rafael Uribe Uribe general y político
Briceño,Antioquia,Origen por nombre de una persona,Por Manuel Briceño Fernández general conservador
Briceño,Boyacá,Origen por nombre de una persona,Por Manuel Briceño Fernández general conservador
Durania,Norte de Santander,Origen por nombre de una persona,Por Justo Leonidas Durán general liberal
Marulanda,Caldas,Origen por nombre de una persona,Por Cosme Marulanda general
Rosas,Cauca,Origen por nombre de una persona,Por Avelino Rosas general y político
Maceo,Antioquia,Origen por nombre de una persona,Por José Antonio Maceo militar cubano
Arbeláez,Cundinamarca,Origen por nombre de una persona,Por Vicente Arbeláez Gómez sacerdote
Gómez Plata,Antioquia,Origen por nombre de una persona,Por obispo Juan de la Cruz Gómez Plata
Morales,Cauca,Origen por nombre de una persona,Por sacerdote Luis Jerónimo Morales (fundador)
Morales,Bolívar,Origen por nombre de una persona,Por Pedro Vicente de Morales (fundador)
Funes,Nariño,Origen por nombre de una persona,Por sacerdote Lucas Funes (fundador)
Mallama,Nariño,Origen por nombre de una persona,Por sacerdote Felipe de Mallama
Elías,Huila,Origen por nombre de una persona,Por sacerdote Manuel Elías Carvajal
Leiva,Nariño,Origen por nombre de una persona,Por sacerdote Alejandro Cuevas Leiva
Bahía Solano,Chocó,Origen por nombre de una persona,Por José Celestino Mutis médico y botánico
Rivera,Huila,Origen por nombre de una persona,Por José Eustasio Rivera poeta y novelista
Falan,Tolima,Origen por nombre de una persona,Por Diego Fallon Carrión ingeniero y poeta
Bello,Antioquia,Origen por nombre de una persona,Por Andrés Bello humanista y poeta venezolano-chileno
Cisneros,Antioquia,Origen por nombre de una persona,Por Francisco Javier Cisneros ingeniero ferroviario
Aranzazu,Caldas,Origen por nombre de una persona,Por Juan de Dios Aranzazu gobernador
Arboleda,Nariño,Origen por nombre de una persona,Por Julio Arboleda Pombo general y político
Caicedo,Antioquia,Origen por nombre de una persona,Por José María Torres Caicedo intelectual y diplomático
Giraldo,Antioquia,Origen por nombre de una persona,Por Rafael María Giraldo gobernador
Casabianca,Tolima,Origen por nombre de una persona,Por general Manuel Casabianca
Murillo,Tolima,Origen por nombre de una persona,Por expresidente Manuel Murillo Toro
Ulloa,Valle del Cauca,Origen por nombre de una persona,Por Juan Eleuterio Ulloa militar liberal
Trujillo,Valle del Cauca,Origen por nombre de una persona,Por Julián Trujillo Largacha presidente del Cauca
Herrán,Norte de Santander,Origen por nombre de una persona,Por Pedro Alcántara Herrán presidente y general
Restrepo,Valle del Cauca,Origen por nombre de una persona,Por Carlos E. Restrepo presidente
Restrepo,Meta,Origen por nombre de una persona,Por Emiliano Restrepo Echavarría jurisconsulto
Suárez,Tolima,Origen por nombre de una persona,Por Marco Fidel Suárez presidente
Suárez,Cauca,Origen por nombre de una persona,Por Marco Fidel Suárez presidente
Ospina,Nariño,Origen por nombre de una persona,Por Mariano Ospina Rodríguez político
Olaya,Antioquia,Origen por nombre de una persona,Por Enrique Olaya Herrera presidente
Olaya Herrera,Nariño,Origen por nombre de una persona,Por Enrique Olaya Herrera presidente
Gamarra,Cesar,Origen por nombre de una persona,Por Martín Gamarra comerciante local
Caicedonia,Valle del Cauca,Origen por nombre de una persona,Por Lisandro Caicedo donante de tierras
Altamira,Huila,Origen por nombre de una persona,Por hermanos Altamira colonos
Florián,Santander,Origen por nombre de una persona,Por Ezequiel Florián propietario original
González,Cesar,Origen por nombre de una persona,Por familia González primeros pobladores
Gutiérrez,Cundinamarca,Origen por nombre de una persona,Por Ignacio Gutiérrez Vergara fundador
Landázuri,Santander,Origen por nombre de una persona,Por José María Landázuri colono y fundador
Solano,Caquetá,Origen por nombre de una persona,Por José Dolores Solano militar fundador
Silvania,Cundinamarca,Origen por nombre de una persona,Por Ismael Silva fundador
Uribe,Meta,Origen por nombre de una persona,Por Antonio Uribe socio de la Compañía Colombia
Fonseca,La Guajira,Origen por nombre de una persona,Por Agustín Fonseca propietario y fundador
Pinillos,Bolívar,Origen por nombre de una persona,Por Pedro Martínez de Pinillos benefactor
Samaniego,Nariño,Origen por nombre de una persona,Por Juan Sánchez Samaniego propietario
Magüí Payán,Nariño,Origen por nombre de una persona,Por Roberto Payán militar y político
Roberto Payán,Nariño,Origen por nombre de una persona,Por Roberto Payán militar y político
Juan de Acosta,Atlántico,Origen por nombre de una persona,Por Juan de Acosta y López propietario
Vergara,Cundinamarca,Origen por nombre de una persona,Por hacienda llamada Vergara posible propietario
ABRIAQUÍ,ANTIOQUIA,Origen Indigena,"Del embera ""abra-kí"": tierra entre montañas o ""madre del río"""
SANTA FÉ DE ANTIOQUIA,ANTIOQUIA,Origen Religioso,Por la fe cristiana y advocación católica tradicional
ANZÁ,ANTIOQUIA,Origen Indigena,"Del embera ""anzá"" que significa ""amarillo"" o ""gran valle"""
CAROLINA,ANTIOQUIA,Origen por nombre de una persona,Por Príncipe de Asturias Carlos IV
DONMATÍAS,ANTIOQUIA,Origen por nombre de una persona,Por San Domingo de Guzmán
ENTRERRÍOS,ANTIOQUIA,Origen Natural,Por su ubicación entre ríos
FREDONIA,ANTIOQUIA,Origen Europeo,"Por la palabra francesa ""frédonie"" o en honor a libertad local"
GIRARDOTA,ANTIOQUIA,Origen por nombre de una persona,Por Gabriel Girardot
LA ESTRELLA,ANTIOQUIA,Origen Natural,Por ser nombrada en honor a la estrella
LA PINTADA,ANTIOQUIA,Origen Natural,Por pinturas rupestres indígenas o rocas pintadas
NARIÑO,ANTIOQUIA,Origen por nombre de una persona,Por Antonio Nariño
PEÑOL,ANTIOQUIA,Origen Natural,"Por formación rocosa llamada ""El Peñol"""
PUEBLORRICO,ANTIOQUIA,Origen Natural,Por la abundancia de pueblos y riquezas naturales
PUERTO BERRÍO,ANTIOQUIA,Origen por nombre de una persona,Por José María Berrío
PUERTO TRIUNFO,ANTIOQUIA,Origen Natural,Por la prosperidad del puerto fluvial
RETIRO,ANTIOQUIA,Origen Natural,Por ser un lugar de retiro espiritual o reposo
SABANALARGA,ANTIOQUIA,Origen Natural,Por la extensa sabana o llanura
SABANETA,ANTIOQUIA,Origen Natural,Por sabana pequeña
SALGAR,ANTIOQUIA,Origen Natural,Por cercano a minas de sal y origen de la palabra 'salga'
SAN ANDRÉS DE CUERQUÍA,ANTIOQUIA,Origen Religioso,En honor a San Andrés
EL SANTUARIO,ANTIOQUIA,Origen Religioso,Por un santuario religioso local
SONSÓN,ANTIOQUIA,Origen Natural,"Por la abundancia de árboles de ""sonso"""
TARSO,ANTIOQUIA,Origen Europeo,Por Tarso en Grecia
TURBO,ANTIOQUIA,Origen Natural,Por corrientes rápidas (turbulencia) en la zona
VIGÍA DEL FUERTE,ANTIOQUIA,Origen Natural,Por miradores o vigías en la región
YOLOMBÓ,ANTIOQUIA,Origen Indigena,Del indígena heritage con significado no especificado
BARRANQUILLA,ATLÁNTICO,Origen Natural,Por la formación de barrancas o acantilados
PUERTO COLOMBIA,ATLÁNTICO,Origen Natural,Por puerto marítimo
SOLEDAD,ATLÁNTICO,Origen Religioso,"Por hacienda denominada ""soledad"" y con evocación religiosa"
SUAN,ATLÁNTICO,Origen Indigena,Nombre de origen indígena sin significado concreto en el texto
BOGOTÁ, D.C.,Origen Indigena,"Del muisca ""Bacatá"""
CARTAGENA DE INDIAS,BOLÍVAR,Origen Europeo,Por Cartagena en España inspirada en la fenicia
ACHÍ,BOLÍVAR,Origen Indigena,Nombre indígena sin significado detallado
BAJO BAUDÓ,CHOCÓ,Origen Natural,Por el río Baudó y la geografía local
ISTMINA,CHOCÓ,Origen Natural,Por estar en el istmo que conecta regiones
BAGADÓ,CHOCÓ,Origen Indigena,Nombre indígena sin dato exacto
URIBIA,LA GUAJIRA,Origen por nombre de una persona,Por Rafael Uribe Uribe
ALBANIA,LA GUAJIRA,Origen Europeo,Por Albania en Europa
RÍOHACHA,LA GUAJIRA,Origen Indigena,Por río ancestral y cabecera indígena
MANIZALES,CALDAS,Origen Indigena,Del vocablo indígena con referencia a territorio habitado
AGUADAS,CALDAS,Origen Natural,Por abundancia de agua
MARMATO,CALDAS,Origen Indigena,Por nombre indígena local
NARIÑO,CUNDINAMARCA,Origen por nombre de una persona,Por Antonio Nariño
CHOCONTÁ,CUNDINAMARCA,Origen Indigena,Del muisca 'cultivo del aliado'
GUAMAL,MAGDALENA,Origen Natural,Por abundancia del árbol guamo
ALMEIDA,BOYACÁ,Origen Indigena,Derivado de nombre indígena
ARCABUCO,BOYACÁ,Origen Indigena,Por cacique o término indígena
BUENAVISTA,BOYACÁ,Origen Natural,Por observatorio natural o bello panorama
BUSBANZÁ,BOYACÁ,Origen Indigena,Por pueblo indígena embera o término muisca
CALDAS,BOYACÁ,Origen por nombre de una persona,Por Francisco José de Caldas
UBATÉ,CUNDINAMARCA,Origen Indigena,Del muisca: 'tierra cerrada' o 'cercado de manantiales'
TUNJA,BOYACÁ,Origen Indigena,"Del muisca ""Hunza"""
SACHICA,BOYACÁ,Origen Indigena,Por cacique o territorio muisca
TENZA,BOYACÁ,Origen Indigena,Por valle claro o lugar iluminado muisca
VILLA DE LEYVA,BOYACÁ,Origen Indigena,Por fundador español Don Antonio de Leyva y referencia indígena local
SABOYA,BOYACÁ,Origen Indigena,Por palabra indígena significado no documentado
ZETAQUIRA,BOYACÁ,Origen Indigena,"Por cacique muisca ""Zetaqui"""
AGUADA,SANTANDER,Origen Natural,Por abundancia de aguas o fuentes
BARICHARA,SANTANDER,Origen Indigena,Posible origen indígena en nombre de pueblo
BOLÍVAR,SANTANDER,Origen por nombre de una persona,Por Simón Bolívar
CERINZA,BOYACÁ,Origen Indigena,Nombre indígena muisca
GACHANTIVÁ,BOYACÁ,Origen Indigena,Por vocablo muisca que significa 'cercado y labranza'
GÜICÁN DE LA SIERRA,BOYACÁ,Origen Indigena,Por vocablo indígena para habitante local
LABRANZAGRANDE,BOYACÁ,Origen Natural,Por actividad agrícola de colonos
MONGUA,BOYACÁ,Origen Indigena,Por palabra muisca con significado puntual
PUERTO BOYACÁ,BOYACÁ,Origen Natural,Por ubicación en el río Magdalena albergando puerto
RAMIRIQUÍ,BOYACÁ,Origen Indigena,Del cacique Ramiriquí muisca
SANTUARIO,RISARALDA,Origen Religioso,Por santuario católico en la zona
SANTANDER,SANTANDER,Origen por nombre de una persona,Por Francisco de Paula Santander
SAN BENITO,SANTANDER,Origen Religioso,En honor a San Benito Abad
AGUAZUL,CASANARE,Origen Natural,Por abundancia de agua en la jurisdicción
EL DOVIO,VALLE DEL CAUCA,Origen Natural,Por topografía con desniveles
PALMIRA,VALLE DEL CAUCA,Origen Natural,Por abundancia de palmas
SANTIAGO DE CALI,VALLE DEL CAUCA,Origen Religioso,Por Santiago Apóstol y distrito Cali
PUERTO NARIÑO,AMAZONAS,Origen por nombre de una persona,Por Antonio Nariño
SAN ANDRÉS,ARCHIPIÉLAGO DE SAN ANDRÉS  PROVIDENCIA Y SANTA CATALINA,Origen Religioso,En honor a San Andrés apóstol
VILLAVIEJA,HUILA,Origen Indigena,Por pueblo indígena precolombino
Guachucal,Nariño,Origen Indigena,Nombre de raíz quechua propio de los indígenas pastos de la región
Guaitarilla,Nariño,Origen Indigena,Nombre indígena pasto
Gualmatán,Nariño,Origen Indigena,Nombre indígena pasto o quillacinga
Guapota,Santander,Origen Indigena,Nombre chibcha
Guaranda,Sucre,Origen Indigena,Por el pueblo indígena guaranda o topónimo ancestral
Guavatá,Santander,Origen Indigena,Guavatá palabra chibcha: “labranza de nuestro cacique”
Valle del Guamuez,Putumayo,Origen Indigena,Nombre de origen indígena
Paratebueno,Cundinamarca,Otro Origen,"Origen anecdótico: nombre de finca donde ""paraba bueno” (se podía parar a descansar)"
La Belleza,Santander,Otro Origen,Por lo hermoso del lugar; puesto así por el párroco durante la fundación
Arroyohondo,Bolívar,Origen Natural,Por el arroyo profundo junto al pueblo
Cantagallo,Bolívar,Origen Indigena,Deformación de Huacagallo
Soplaviento,Bolívar,Otro Origen,Por los fuertes vientos en la región
Moñitos,Córdoba,Otro Origen,Por las casas nativas con “moños” de palma en sus techos
Planeta Rica,Córdoba,Otro Origen,Nombre puesto por su abundancia natural (“planeta rico”)
Puerto Escondido,Córdoba,Otro Origen,Por estar el puerto oculto o difícil de encontrar
El Difícil,Magdalena,Otro Origen,Por las dificultades para llegar y fundar el pueblo
Matanza,Santander,Origen Indigena,En honor al cacique Matanza; no por masacre
Lenguazaque,Cundinamarca,Origen Indigena,Del muisca: “límite de las tierras del Zaque”
Barbacoas,Nariño,Origen Indigena,"Por las casas sobre pilotes (""barbacoas"") de los nativos"
Palocabildo,Tolima,Otro Origen,Por una reunión de cabildo debajo de un palo
Angelópolis,Antioquia,Origen Europeo,"Inspiración griega (""polis"" ciudad de ángeles) propuesta por sacerdote fundador"
Saladoblanco,Huila,Origen Natural,Por la presencia de fuentes de agua salada clara (sal blanca)
Fundación,Magdalena,Origen Religioso,"Fundación de San Carlos de San Sebastián; doble advocación católica; ahora sólo ""Fundación"""
Distracción,La Guajira,Otro Origen,"Por el nombre de la finca ""La Distracción"""
Ragonvalia,Norte de Santander,Origen por nombre de una persona,"Acrónimo de ""Ramón González Valencia"""
Mutiscua,Norte de Santander,Otro Origen,"Contracción de ""Mutis"" (Manuel Mutis Gama"
Pamplonita,Norte de Santander,Origen Europeo,Disminutivo de Pamplona (España)
Arauquita,Arauca,Origen Indigena,Disminutivo de Arauca; de allí la etnia-pueblo y el río
Sincelejo,Sucre,Origen Indigena,"Diminutivo de ""Since"""
Barranca de Upía,Meta,Otro Origen,Por su ubicación sobre la barranca del río Upía
Barrancominas,Guainía,Otro Origen,Por minas en los barrancos del área
Urumita,La Guajira,Origen Indigena,Nombre indígena
Villarrica,Tolima,Otro Origen,Por “villa rica” en recursos
Villa Rica,Cauca,Otro Origen,Por “villa rica” en recursos
Villamayor de Cundinamarca,Cundinamarca,Otro Origen,Por ser una villa “mayor”
Villanueva,Varias,Otro Origen,Por ser “villa nueva”
Villahermosa,Tolima,Otro Origen,Por ser una villa “hermosa” (bella
Villanueva,Varias departamentos,Otro Origen,Por ser “villa nueva” (topónimo frecuente)
Campoalegre,Huila,Otro Origen,Por la alegría del lugar
Campohermoso,Boyacá,Otro Origen,Por lo hermoso (belleza) del campo
Puerto Caicedo,Putumayo,Origen por nombre de una persona,En homenaje al ingeniero Juan María Caicedo Martínez
Puerto Leguízamo,Putumayo,Origen por nombre de una persona,En homenaje a Cándido Leguízamo
Puerto Guzmán,Putumayo,Origen por nombre de una persona,En homenaje a Jorge Julio Guzmán
Puerto Rico,Meta,Origen Europeo,Por la isla de Puerto Rico
Puerto Rico,Caquetá,Origen Europeo,Por la isla de Puerto Rico (nombre traído por colonos)
Puerto Rico,Bolívar,Origen Europeo,"Por la empresa cauchera ""Puerto Rico"""
Puerto Carreño,Vichada,Origen por nombre de una persona,En honor a Pedro María Carreño
Puerto Gaitán,Meta,Origen por nombre de una persona,En honor a Jorge Eliécer Gaitán
Puerto Lleras,Meta,Origen por nombre de una persona,En honor a Alberto Lleras Camargo
Puerto López,Meta,Origen por nombre de una persona,En honor a Alfonso López Pumarejo
Puerto Concordia,Meta,Otro Origen,Por la concordia (armonía) entre colonos
Puerto Meluk,Chocó,Origen por nombre de una persona,En honor a Alfonso Meluk
Campoalegre,Huila,Otro Origen,Por ser un campo alegre y fértil
Campohermoso,Boyacá,Otro Origen,Por lo hermoso/belleza del campo
Atrato,Chocó,Origen Natural,Nombrado por el río Atrato que cruza el municipio.
Barrancas,La Guajira,Origen Natural,Llamado así por las barrancas a orillas del río Ranchería.
Barranco de Loba,Bolívar,Origen Natural,Por una barranca habitada por lobos en la zona.
Belmira,Antioquia,Origen Europeo,"Alusión a la belleza del lugar de ""bella mira"" en español antiguo."
Bituima,Cundinamarca,Origen Indigena,"Significa ""gran señora"" en lengua muisca."
Bojayá,Chocó,Origen Indigena,Nombre de raíz no precisada relacionado con grupos indígenas locales.
Bolívar,Cauca,Origen por nombre de una persona,En honor a Simón Bolívar Libertador de Colombia.
Bolívar,Valle del Cauca,Origen por nombre de una persona,En honor a Simón Bolívar Libertador de Colombia.
Buenavista,Córdoba,Origen Natural,Por la excelente vista panorámica que ofrece la localidad.
Buenavista,Quindío,Origen Natural,Por la “buena vista” que se aprecia desde la zona.
Buenavista,Sucre,Origen Natural,Por los hermosos paisajes que se pueden ver desde allí.
Buenos Aires,Cauca,Origen Natural,Por los vientos frescos y agradables del lugar.
Buesaco,Nariño,Origen Indigena,Nombre derivado de la etnia indígena Buesaco.
Cacahual,Guainía,Origen Natural,Por la abundancia de árboles de cacao en la región.
Cáchota,Norte de Santander,Origen Indigena,Significa “gran labranza” en lengua chibcha.
Cajibío,Cauca,Origen Indigena,Palabra indígena que significa “lugar donde se recoge agua en manos”.
Calamar,Bolívar,Origen Natural,Nombrado por la abundancia de calamares en el río Magdalena.
Calamar,Guaviare,Origen Natural,Por la presencia de calamares en el río Guaviare.
Caldono,Cauca,Origen Indigena,Nombre tomado de la comunidad indígena Caldono.
Caloto,Cauca,Origen Indigena,Nombre del cacique indígena Caloto.
Campamento,Antioquia,Origen Natural,Por ser lugar de campamento en época de la colonización.
Canalete,Córdoba,Origen Natural,Por los caños o canales de agua que cruzan el territorio.
Capitanejo,Santander,Origen Indigena,Nombrado por el cacique indígena Capitán.
Cerrito,Santander,Origen Natural,Por los pequeños cerros que rodean el municipio.
Cerro de San Antonio,Magdalena,Origen Natural,Por un cerro dedicado a San Antonio a orillas del Magdalena.
Cértegui,Chocó,Origen Indigena,Nombre de un cacique indígena local.
Chalán,Sucre,Origen Indigena,Nombre relacionado a población indígena precolombina.
Charalá,Santander,Origen Indigena,Palabra indígena que significa “tierra de pescadores”.
Chivolo,Magdalena,Origen Indigena,Por el río Chivolo o etnia local del mismo nombre.
Chivor,Boyacá,Origen Indigena,"Significa ""nido azul"" por los yacimientos de esmeraldas."
Cimitarra,Santander,Origen Natural,Por la forma de cimitarra (espada) del río que cruza la zona.
Circasia,Quindío,Origen Europeo,Por la región del Cáucaso llamada Circassia.
Ciudad Bolívar,Antioquia,Origen por nombre de una persona,En honor a Simón Bolívar Libertador.
Colosó,Sucre,Origen Indigena,Nombre indígena local sin significado claro.
Concordia,Magdalena,Otro Origen,Por el ideal de concordia o acuerdo entre sus fundadores.
Condoto,Chocó,Origen Indigena,Nombre del río Condoto voz indígena.
Confines,Santander,Otro Origen,Por estar en el límite o “confín” de dos provincias.
Consacá,Nariño,Origen Indigena,Nombre derivado de la lengua indígena quillacinga.
Contadero,Nariño,Origen Indigena,De raíz indígena pasto se refiere a un sitio de paso o “conteo”.
Convención,Norte de Santander,Otro Origen,Por un histórico “pacto” o convención política en la zona.
Córdoba,Bolívar,Origen Europeo,En honor a la ciudad española de Córdoba.
Córdoba,Nariño,Origen Europeo,En honor a la ciudad española de Córdoba.
Córdoba,Quindío,Origen Europeo,En honor a la ciudad española de Córdoba.
Corinto,Cauca,Origen Europeo,Por la ciudad griega de Corinto.
Corrales,Boyacá,Origen Natural,Por los corrales de ganado construidos por los colonizadores.
Coyaima,Tolima,Origen Indigena,Nombre del cacique indígena Coyaima.
Cravo Norte,Arauca,Origen Indigena,Del vocablo indígena “cravo” que significa “río de mucha agua”.
Cuaspud Carlosama,Nariño,Origen Indigena,Combinación de nombres de caciques Cuaspud y Carlosama.
Cucutilla,Norte de Santander,Origen Indigena,Disminutivo de Cúcuta voz indígena.
Cumbal,Nariño,Origen Indigena,Nombre de la montaña sagrada para los pastos.
Cumbitara,Nariño,Origen Indigena,Nombre indígena local etnia o río de la región.
Curillo,Caquetá,Origen Indigena,Palabra indígena que significa “río de los curillos”.
Dibulla,La Guajira,Origen Indigena,Nombre derivado de la comunidad indígena dibulla.
Dolores,Tolima,Origen Religioso,En honor a Nuestra Señora de los Dolores.
Dosquebradas,Risaralda,Origen Natural,Por estar entre dos quebradas.
El Águila,Valle del Cauca,Origen Natural,Por la presencia del ave águila en la región.
El Banco,Magdalena,Origen Natural,Por las barrancas y bancos de arena del río Magdalena.
El Cantón del San Pablo,Chocó,Origen Natural,En referencia al río San Pablo y un antiguo cantón militar.
El Carmen de Atrato,Chocó,Origen Natural,Por la Virgen del Carmen y el río Atrato.
El Castillo,Meta,Origen Natural,"Por la colina ""El Castillo"" que asemeja un castillo natural."
El Cerrito,Valle del Cauca,Origen Natural,Por las lomas o cerritos que rodean la localidad.
El Cocuy,Boyacá,Origen Indigena,Palabra chibcha que significa “valle de las conchas”.
El Colegio,Cundinamarca,Otro Origen,Por haber funcionado un colegio religioso en la zona.
El Copey,Cesar,Origen Indigena,Nombre del río Copey de raíz indígena.
El Doncello,Caquetá,Otro Origen,Por el apodo de un colono llamado “El Doncello”.
El Encanto,Amazonas,Origen Natural,Por la belleza natural que sorprendió a quienes lo fundaron.
El Litoral del San Juan,Chocó,Origen Natural,Por estar a orillas del río San Juan.
El Molino,La Guajira,Origen Natural,Por un molino usado en la antigua hacienda local.
El Paso,Cesar,Origen Natural,Por el paso o vado sobre el río Cesar.
El Paujil,Caquetá,Origen Natural,Por el ave paujil abundante en la región.
El Peñol,Nariño,Origen Natural,Por la peña o roca grande del lugar.
El Peñón,Bolívar,Origen Natural,Por un peñón o roca prominente cerca del río Magdalena.
El Peñón,Cundinamarca,Origen Natural,Por peña o roca característica de la zona.
El Peñón,Santander,Origen Natural,Por las formaciones rocosas o peñones de su territorio.
El Playón,Santander,Origen Natural,Por los playones o zonas arenosas del río.
El Retén,Magdalena,Otro Origen,Llamado así por el retén aduanero que existió en la zona.
El Retorno,Guaviare,Otro Origen,Porque fue sitio de retorno para colonos desplazados.
El Roble,Sucre,Origen Natural,Por los árboles de roble que había en el área.
El Tablón de Gómez,Nariño,Otro Origen,Por una gran tabla de madera que sirvió de asentamiento a su fundador Gómez.
El Tambo,Cauca,Origen Indigena,Tambo significa “posada” en quechua; usado por indígenas y colonos.
El Tambo,Nariño,Origen Indigena,Tambo significa “posada” en quechua lugar de descanso.
Encino,Santander,Origen Natural,Por los bosques de encino de la región.
Enciso,Santander,Origen por nombre de una persona,En honor a Juan de Enciso poeta o fundador.
Filandia,Quindío,Origen Europeo,Por Finlandia como alusión a país europeo por fundadores.
Francisco Pizarro,Nariño,Origen por nombre de una persona,En honor al conquistador español Francisco Pizarro.
Fresno,Tolima,Origen Natural,Por los árboles de fresno de la región.
Fuente de Oro,Meta,Origen Natural,Por fuentes de agua y la riqueza del suelo.
Gachancipá,Cundinamarca,Origen Indigena,Palabra muisca que significa “cercado del señor de Gacha”.
Galeras,Sucre,Origen Natural,Por los cerros o galerías de montañas de la zona.
Gigante,Huila,Origen Natural,"Nombrado por una roca de gran tamaño llamada ""La Piedra del Gigante""."
Girardot,Cundinamarca,Origen por nombre de una persona,En honor al general Atanasio Girardot.
Gramalote,Norte de Santander,Origen Natural,Por la abundancia de “gramalote”
Guacarí,Valle del Cauca,Origen Indigena,Palabra que significa “río de los guacas” en lengua indígena local. una hierba que cubría la zona.
Guachené,Cauca,Origen Indigena,Nombre del cacique indígena Guachené.
Guadalajara de Buga,Valle del Cauca,Origen Europeo,Por la ciudad de Guadalajara en España y el río Buga.
Guapotá,Santander,Origen Indigena,"Palabra chibcha: ""guapotá"" significa ""nuestra labranza""."
Hatillo de Loba,Bolívar,Origen Natural,Nombrado por la presencia de lobos en un pequeño monte o hatillo.
Hato,Santander,Origen Natural,Por la existencia de hatos (extensiones de ganado) en la región.
Hato Corozal,Casanare,Origen Natural,Por los hatos y abundancia de palmas de corozo.
Hatonuevo,La Guajira,Origen Natural,"Por ser un asentamiento de ganado (""hato"") nuevo en la zona."
Herveo,Tolima,Origen Indigena,De la voz indígena Herveo
Iles,Nariño,Origen Indigena,Nombre indígena en lengua pasto. nombre original del territorio.
Imués,Nariño,Origen Indigena,Nombre propio de la etnia indígena Imués.
Inzá,Cauca,Origen Indigena,Por el cacique Inzá
Jambaló,Cauca,Origen Indigena,Nombre de origen nasa jefe paez de la región.
Jamundí,Valle del Cauca,Origen Indigena,Por el cacique Jamundí del pueblo jamundí. pueblo indígena local.
Juradó,Chocó,Origen Indigena,Topónimo indígena sin significado preciso documentado.
La Apartada,Córdoba,Otro Origen,Por estar separado (apartado) de otros caseríos.
La Calera,Cundinamarca,Origen Natural,Por la existencia de minas de cal en el área.
La Chorrera,Amazonas,Origen Natural,Por las numerosas cascadas o chorreras del río.
La Cumbre,Valle del Cauca,Origen Natural,Por ubicarse en la cima de la cordillera.
La Gloria,Cesar,Origen Religioso,Por la devoción católica a la Virgen de La Gloria.
La Guadalupe,Guainía,Origen Religioso,En honor a la Virgen de Guadalupe.
La Llanada,Nariño,Origen Natural,Por ser un extenso llano en la región andina.
La Macarena,Meta,Origen Religioso,En honor a la Virgen de la Macarena.
La Mesa,Cundinamarca,Origen Natural,Por su ubicación en una meseta.
La Montañita,Caquetá,Origen Natural,Por la cantidad de pequeñas montañas en la región.
La Palma,Cundinamarca,Origen Natural,Por la abundancia de palmas en el territorio.
La Paz,Cesar,Otro Origen,Por el deseo de paz entre antiguos colonos.
La Paz,Santander,Otro Origen,Por el deseo de paz entre comunidades vecinas.
La Pedrera,Amazonas,Origen Natural,Por la presencia de muchas piedras o zonas pedregosas.
La Peña,Cundinamarca,Origen Natural,Por encontrarse junto a una peña o roca prominente.
La Plata,Huila,Origen Natural,Por los hallazgos de plata en los alrededores al momento de la conquista.
La Playa,Norte de Santander,Origen Natural,Por ubicarse junto a una playa fluvial del río Zulia.
La Primavera,Vichada,Origen Natural,Por el clima y abundante vegetación
La Salina,Casanare,Origen Natural,Por la existencia de salinas naturales en la zona. que recuerdan la primavera.
La Sierra,Cauca,Origen Natural,Por su ubicación entre sierras o montañas.
La Tola,Nariño,Origen Indigena,Nombre del pueblo indígena tola ancestral de la zona.
La Unión,Nariño,Otro Origen,Por la unión de diferentes caminos o veredas en el sitio fundador.
La Unión,Sucre,Otro Origen,Por el acuerdo o unión de comunidades en la región.
La Unión,Valle del Cauca,Otro Origen,En referencia a la unión de caminos/corrientes de agua.
La Vega,Cauca,Origen Natural,Por las vegas o zonas fértiles junto al río.
La Vega,Cundinamarca,Origen Natural,Por las vegas o terrenos bajos y fértiles en su valle.
La Victoria,Amazonas,Otro Origen,Por la victoria de un hito exploratorio o de colonización.
La Victoria,Boyacá,Otro Origen,Por la victoria obtenida sobre dificultades o en fundaciones locales.
La Victoria,Valle del Cauca,Otro Origen,Como conmemoración a un éxito fundacional o agrícola.
Lejanías,Meta,Otro Origen,Por encontrarse en la lejanía respecto de los principales centros urbanos.
Los Andes,Nariño,Origen Natural,Por estar enclavado en la cordillera de los Andes.
Los Córdobas,Córdoba,Origen por nombre de una persona,En honor a los hermanos Córdoba
Los Patios,Norte de Santander,Otro Origen,Por la existencia de grandes patios y corrales en la época colonial. próceres de la independencia.
Magüí,Nariño,Origen Indigena,Nombre indígena local
Maicao,La Guajira,Origen Indigena,"Significa ""tierra de muchas aguas"" en wayuunaiki. probablemente de habla awá."
Manaure Balcón del Cesar,Cesar,Origen Indigena,"Manaure viene de un cacique indígena de la sierra; ""Balcón del Cesar"" por la vista sobre el valle."
Maní,Casanare,Origen Indigena,Por el cacique Maní o el fruto del maní silvestre en la región.
Medio Atrato,Chocó,Origen Natural,Por su ubicación en la zona media del río Atrato.
Medio Baudó,Chocó,Origen Natural,Por estar en la parte media del río Baudó.
Medio San Juan,Chocó,Origen Natural,Por territorio en la región media del río San Juan.
Melgar,Tolima,Origen por nombre de una persona,En homenaje a José María Melgar
Mercaderes,Cauca,Otro Origen,Por ser punto de reunión tradicional de mercaderes y comerciantes. líder local.
Mesetas,Meta,Origen Natural,Por la serie de mesetas o altiplanos en la sabana.
Milán,Caquetá,Origen Europeo,Por la ciudad italiana de Milán
Mirití - Paraná,Amazonas,Origen Indigena,Por las etnias Mirití y el río Paraná en la zona. nombre dado por colonos.
Mogotes,Santander,Origen Natural,Por los mogotes o colinas pronunciadas que rodean el municipio.
Montecristo,Bolívar,Origen Europeo,"En alusión a la isla y la novela ""El conde de Montecristo""."
Montenegro,Quindío,Origen Europeo,Por la región europea de Montenegro.
Montería,Córdoba,Origen Natural,Por las monterías o cacerías tradicionales en la zona.
Morichal,Guainía,Origen Natural,Por la abundancia de palmas moriche.
Morroa,Sucre,Origen Indigena,Nombre de la etnia indígena Morúa o de palabra local.
Nariño,Nariño,Origen por nombre de una persona,En honor a Antonio Nariño
Natagaima,Tolima,Origen Indigena,Por los pueblos indígenas nataga y gaima prócer de la independencia.
Nemocón,Cundinamarca,Origen Indigena,Significa “lamento del guerrero” en lengua muisca. fusionados en la época colonial.
Nocaima,Cundinamarca,Origen Indigena,Nombre muisca que significa “lugar de descanso del cacique”.
Norcasia,Caldas,Otro Origen,Por “norte de Caldas” y “Asia”; contracción geográfica.
Nóvita,Chocó,Otro Origen,"Por las ""novedades"" o el descubrimiento de oro en la zona colonial."
Nuevo Belén de Bajirá,Chocó,Otro Origen,Belén de simbolismo bíblico
Nuquí,Chocó,Origen Indigena,"En lengua indígena significa “río de los micos”. ""Bajirá"" por río indígena."
Ocamonte,Santander,Origen Indigena,Nombre de origen indígena local sin significado exacto conocido.
Onzaga,Santander,Origen Indigena,Del lenguaje guane que significa “lugar frío y ventoso”.
Orito,Putumayo,Origen Indigena,Por la presencia de oro en el río y la riqueza natural.
Orocué,Casanare,Origen Indigena,Por su ubicación en zona de ríos y llanuras pantanosas indígenas.
Pacoa,Vaupés,Origen Indigena,Nombre de origen indígena propio de la región amazónica.
Paicol,Huila,Origen Indigena,Del nombre de una comunidad indígena local.
Pailitas,Cesar,Origen Indigena,Por la extensión de la sabana y raíces indígenas.
Paime,Cundinamarca,Origen Indigena,Nombre chibcha que hace referencia a “el cerro o lugar alto”.
Palmito,Sucre,Origen Natural,Por la abundancia de palmas pequeñas o “palmitos” en la zona.
Pana Pana,Guainía,Origen Indigena,Topónimo indígena del área amazónica.
Pandi,Cundinamarca,Origen Indigena,Nombre de origen muisca con referencia geográfica local.
Papunahua,Vaupés,Origen Indigena,Nombrado por tribus indígenas de la región.
Páramo,Santander,Origen Natural,Por la vegetación de páramo característica de la región.
Patía,Cauca,Origen Indigena,Por el río Patía
Pedraza,Magdalena,Origen Europeo,En honor a persona o lugar español llamado Pedraza. nombre ancestral indígena.
Pelaya,Cesar,Origen Indigena,Nombre indígena del área de serranías y sabanas.
Piedecuesta,Santander,Origen Indigena,Del muisca “piedra cerca de la quebrada o río”.
Piedras,Tolima,Origen Natural,Por las formaciones rocosas que caracterizan el territorio.
Piendamó - Tunía,Cauca,Origen Indigena,Nombres de pueblos indígenas de la región.
Pijiño del Carmen,Magdalena,Origen Indigena,Nombre de origen indígena local.
Pinchote,Santander,Origen Indigena,De vocablos indígenas para lugar de lagunas.
Pital,Huila,Origen Natural,Por plantas de pita o fique abundantes en la zona.
Planadas,Tolima,Origen Natural,Por sus amplias planicies agrícolas.
Plato,Magdalena,Origen Natural,Por su ubicación en la planicie del río Magdalena.
Polonuevo,Atlántico,Origen Indigena,Nombre indígena incorporado sin significado claro.
Pore,Casanare,Origen Indigena,Por palabra indígena local derivada de comunidades nativas.
Prado,Tolima,Origen Natural,Por las praderas o pastizales del lugar.
Providencia,"Archipiélago de San Andrés, Providencia y Santa Catalina",Origen Religioso,Origen Religioso
Pueblo Bello,Cesar,Origen Religioso,Por su agradable clima y paisaje.Por la Providencia divina protegida en la isla.
Pueblo Nuevo,Córdoba,Origen Natural,Por ser una población nueva respecto a asentamientos previos.
Pueblo Rico,Risaralda,Origen Natural,Por las riquezas naturales y agropecuarias.
Puebloviejo,Magdalena,Origen Natural,Nombre relacionado con un antiguo asentamiento en la zona.
Puente Nacional,Santander,Otro Origen,Por el puente que une las regiones en un paso importante.
Puerrres,Nariño,Origen Indigena,Nombre indígena local derivado de etnias pastos.
Puerto Alegría,Amazonas,Origen Natural,Nombrado por la alegría de su fundación en territorio amazónico.
Puerto Arica,Amazonas,Origen por nombre de una persona,En honor a personas o la ciudad chilena de Arica.
Puerto Colombia,Guainía,Origen Natural,Por ser un puerto fluvial en territorio de Guainía.
Puerto Libertador,Córdoba,Origen Natural,Por ser un puerto en la zona de influencia del río Sinú.
Puerto Parra,Santander,Origen Natural,Por estar ubicado en la región del río Parra.
Puerto Salgar,Cundinamarca,Origen por nombre de una persona,En honor a Enrique Salgar
Puerto Santander,Amazonas,Origen por nombre de una persona,En honor a Francisco de Paula Santander. prócer colombiano.
Puerto Santander,Norte de Santander,Origen por nombre de una persona,En honor a Francisco de Paula Santander.
Puerto Tejada,Cauca,Origen por nombre de una persona,En honor a Juan Tejada
Puerto Wilches,Santander,Origen por nombre de una persona,En honor a una familia significativa local. líder local.
Pupiales,Nariño,Origen Indigena,Nombre de origen indígena relacionado con la región.
Purificación,Tolima,Origen Religioso,En referencia a la Purificación de la Virgen María.
Purísima de la Concepción,Córdoba,Origen Religioso,En honor a la Purísima Concepción.
Quebradanegra,Cundinamarca,Origen Natural,Por la presencia de una quebrada de aguas oscuras.
Recetor,Casanare,Origen Indigena,Nombre de raíz indígena local.
Regidor,Bolívar,Origen por nombre de una persona,Por encomendero o autoridad local colonial.
Remolino,Magdalena,Origen Natural,Por un remolino en el río Magdalena cercano.
Ricaurte,Cundinamarca,Origen por nombre de una persona,En honor a Antonio Ricaurte
Ricaurte,Nariño,Origen por nombre de una persona,En honor a Antonio Ricaurte. héroe de independencia.
Río de Oro,Cesar,Origen Natural,Por hallazgos de oro en sus tierras y río.
Río Iró,Chocó,Origen Natural,Nombre del río Iró
Río Quito,Chocó,Origen Natural,Por el río Quito que cruza el municipio. fundamental para la zona.
Río Viejo,Bolívar,Origen Natural,Por el río viejo que marca la geografía local.
Rioblanco,Tolima,Origen Natural,Por el río blanco que cruza el municipio.
Riofrío,Valle del Cauca,Origen Natural,Por el río frío de la región.
Riohacha,La Guajira,Origen Natural,Por el provocativo “riohacha” o rio con desembocadura ancha.
Rionegro,Santander,Origen Natural,Por el río negro que aparece en la zona.
Riosucio,Caldas,Origen Natural,Por la mezcla de varios ríos que forma el lugar.
Riosucio,Chocó,Origen Natural,Por ríos turbulentos en la región.
Risaralda,Caldas,Origen por nombre de una persona,En honor a Manuel José de Risaralda
Roldanillo,Valle del Cauca,Origen por nombre de una persona,Por Juan Roldán militar.
Sabana de Torres,Santander,Origen Natural,Por las sabanas en la zona y la geografía llana. colono fundador.
Sabanalarga,Casanare,Origen Natural,Por la extensa sabana que caracteriza el territorio.
Sabanas de San Ángel,Magdalena,Origen Natural,Por las sabanas y la cercanía a San Ángel.
Saboyá,Boyacá,Origen Indigena,Del lenguaje muisca
Sácama,Casanare,Origen Indigena,Del nombre de uno de los caciques indígenas. nombre de un cacique o lugar indígena.
Sáchica,Boyacá,Origen Indigena,Por el cacique Sáchica que gobernaba la zona.
Salazar,Norte de Santander,Origen Europeo,En honor a la familia Salazar o localidades homónimas españolas.
Sampués,Sucre,Origen Indigena,Nombre indígena relacionado con poblaciones ancestrales.
San Andrés,"Archipiélago de San Andrés, Providencia y Santa Catalina",Origen Religioso,Origen Religioso
San Andrés de Tumaco,Nariño,Origen Religioso,Por San Andrés y la influencia española en la fundación.En honor a San Andrés apóstol.
San Antonio,Tolima,Origen Religioso,En honor a San Antonio
San Antonio del Tequendama,Cundinamarca,Origen Religioso,Por San Antonio y el Tequendama santo patrono.
San Benito Abad,Sucre,Origen Religioso,En honor a San Benito Abad cascada emblemática.
San Bernardo,Cundinamarca,Origen Religioso,Por San Bernardo santo cristiano.
San Bernardo,Nariño,Origen Religioso,Por San Bernardo santo católico.
San Cristóbal,Bolívar,Origen Religioso,En honor a San Cristóbal santo católico.
San Estanislao,Bolívar,Origen Religioso,Por San Estanislao santo patrón.
San Felipe,Guainía,Origen Religioso,En honor a San Felipe santo patrón.
San Joaquín,Santander,Origen Religioso,Por San Joaquín figura religiosa.
San José de Toluviejo,Sucre,Origen Religioso,En honor a San José. uno de los abuelos de Jesús.
San Luis de Sincé,Sucre,Origen Religioso,Por San Luis
San Sebastián de Mariquita,Tolima,Origen Religioso,Por San Sebastián santo católico.
San Zenón,Magdalena,Origen Religioso,En honor a San Zenón santo venerado.
Santa Bárbara de Pinto,Magdalena,Origen Religioso,Por Santa Bárbara santo católico.
Santiago de Tolú,Sucre,Origen Religioso,Por Santiago Apóstol y la gente tolú. patrona local.
Sapuyes,Nariño,Origen Indigena,Nombre indígena local sin significado definido.
Saravena,Arauca,Origen Indigena,Nombre de origen indígena araucano.
Siachoque,Boyacá,Origen Indigena,Palabra muisca que significa “montaña elevada”.
Sibundoy,Putumayo,Origen Indigena,Por etnias indígenas Sibundoy.
Simacota,Santander,Origen Indigena,De origen indígenas guane.
Sitionuevo,Magdalena,Origen Religioso,Horizonte religioso y denominación oficial.
Solita,Caquetá,Origen Indigena,Nombre indígena local.
Sotará - Paispamba,Cauca,Origen Indigena,Topónimo indígena vinculado a zonas cercanas.
Suaíta,Santander,Origen Indigena,Palabra indígena con significado local.
Sucre,Cauca,Origen por nombre de una persona,En honor a Antonio José de Sucre.
Sucre,Santander,Origen por nombre de una persona,En honor al prócer Antonio José de Sucre.
Sucre,Sucre,Origen por nombre de una persona,En honor a Antonio José de Sucre.
Tadó,Chocó,Origen Indigena,Nombre de origen indígena local.
Talaigua Nuevo,Bolívar,Origen Indigena,Nombre indígena relacionado con el río Talaigua.
Taminango,Nariño,Origen Indigena,Por la etnia tamina o palabra indígena.
Tangua,Nariño,Origen Indigena,Nombre originado en etnias pastos.
Taraira,Vaupés,Origen Indigena,Topónimo indígena.
Tarapacá,Amazonas,Origen Indigena,Por el nombre indígena de la zona.
Tarqui,Huila,Origen Indigena,Por grupo indígena local.
Tauramena,Casanare,Origen Indigena,Nombre de origen indígena llanero.
Tausa,Cundinamarca,Origen Indigena,Nombre muisca que significa “piedra grande”.
Tibaná,Boyacá,Origen Indigena,Nombre muisca de lugar sembrado.
Tierralta,Córdoba,Origen Natural,Por su ubicación en tierras altas o fértiles.
Timbío,Cauca,Origen Indigena,Nombre indígena nasa.
Timbiquí,Cauca,Origen Indigena,Nombre indígena.
Tipacoque,Boyacá,Origen Indigena,Nombre muisca que significa “cercado alto”.
Tona,Santander,Origen Indigena,Del pueblo guane.
Toribío,Cauca,Origen Indigena,Por la comunidad indígena Toribío.
Tuluá,Valle del Cauca,Origen Indigena,Nombre indígena que significa “río de la palma”.
Túquerres,Nariño,Origen Indigena,Nombre indígena pasto.
Tutazá,Boyacá,Origen Indigena,Palabra muisca que significa “lugar del cacique”.
Unión Panamericana,Chocó,Otro Origen,Denominación política.
Ventaquemada,Boyacá,Origen Natural,Por un lugar donde se quemaba un antiguo paradero.
Vetas,Santander,Origen Natural,Por sus vetas de minerales en minas.
Villa Caro,Norte de Santander,Origen Europeo,Por la familia Caro de origen español.
Villa de San Diego de Ubaté,Cundinamarca,Origen Religioso,En honor a San Diego y topónimos locales.
Villagarzón,Putumayo,Origen por nombre de una persona,Por el apellido Garzón.
Villagómez,Cundinamarca,Origen por nombre de una persona,Por el apellido Gómez.
Villanueva,Bolívar,Otro Origen,Por ser una villa fundada recientemente.
Villanueva,Casanare,Otro Origen,Por ser una villa nueva.
Villanueva,La Guajira,Otro Origen,Por ser una comunidad nueva.
Villanueva,Santander,Otro Origen,Por su reciente fundación.
Villapinzón,Cundinamarca,Origen por nombre de una persona,En honor a José Antonio Pinzón.
Villeta,Cundinamarca,Origen Indigena,Nombre muisca que significa “tierra de cultivo”.
Viracachá,Boyacá,Origen Indigena,Del muisca “nuestra tierra fértil”.
Vistahermosa,Meta,Otro Origen,Por la hermosa vista del municipio.
Yacuanquer,Nariño,Origen Indigena,Nombre indígena con significado desconocido.
Yaguará,Huila,Origen Indigena,Por la tribu indígena yaguar.
Yavaraté,Vaupés,Origen Indigena,Nombre indígena.
Yotoco,Valle del Cauca,Origen Indigena,Nombre indígena local.
Yumbo,Valle del Cauca,Origen Indigena,Nombre indígena de la región.
Zambrano,Bolívar,Origen por nombre de una persona,Por la familia Zambrano
Zona Bananera,Magdalena,Otro Origen,Por la producción de banano en la región. encomenderos.
