,Código Departamento,Nombre Departamento,Código Municipio,Nombre Municipio,Tipo: Municipio / Isla / Área no municipalizada,longitud,Latitud,helper,Tipo de Nombre,Significado
0,05,ANTIOQUIA,05001,MEDELLÍN,Municipio,"-75,581775","6,246631",ANTIOQUIAMEDELLÍN,Origen Indigena,Nombre colonial en territorio indígena ancestral
1,05,ANTIOQUIA,05002,ABEJORRAL,Municipio,"-75,428739","5,789315",ANTIOQUIAABEJORRAL,Origen Natural,Nombrado por los abejorros que atacaron a los primeros colonos
2,05,ANTIOQUIA,05004,ABRIAQUÍ,Municipio,"-76,064304","6,632282",ANTIOQUIAABRIAQUÍ,Origen Indigena,"Del embera ""abra-kí"": tierra entre montañas o ""madre del río"""
3,05,ANTIOQUIA,05021,ALEJANDRÍA,Municipio,"-75,141346","6,376061",ANTIOQUIAALEJANDRÍA,Origen Europeo,Por Alejandría  Egipto 
4,05,ANTIOQUIA,05030,AMAGÁ,Municipio,"-75,702188","6,038708",ANTIOQUIAAMAGÁ,Origen Indigena,"Nombre posiblemente derivado de Omogá, un poblado cercano de indígenas nutabes"
5,05,ANTIOQUIA,05031,AMALFI,Municipio,"-75,077501","6,909655",ANTIOQUIAAMALFI,Origen Europeo,Por Amalfi  Italia 
6,05,ANTIOQUIA,05034,ANDES,Municipio,"-75,878828","5,657194",ANTIOQUIAANDES,Origen Religioso,En honor a la Virgen de las Mercedes  
7,05,ANTIOQUIA,05036,ANGELÓPOLIS,Municipio,"-75,711389","6,109719",ANTIOQUIAANGELÓPOLIS,Origen Europeo,"Inspiración griega (""polis"" ciudad de ángeles) propuesta por sacerdote fundador"
8,05,ANTIOQUIA,05038,ANGOSTURA,Municipio,"-75,335116","6,885175",ANTIOQUIAANGOSTURA,Origen Natural,Por paso estrecho de quebrada y por el Congreso de Angostura en Venezuela
9,05,ANTIOQUIA,05040,ANORÍ,Municipio,"-75,148355","7,074703",ANTIOQUIAANORÍ,Origen Indigena,Lugares de tierras ocupadas por el cacique Norí
10,05,ANTIOQUIA,05042,SANTA FÉ DE ANTIOQUIA,Municipio,"-75,826648","6,556484",ANTIOQUIASANTA FÉ DE ANTIOQUIA,Origen Religioso,Por la fe cristiana y advocación católica tradicional
11,05,ANTIOQUIA,05044,ANZÁ,Municipio,"-75,854442","6,302641",ANTIOQUIAANZÁ,Origen Indigena,"Del embera ""anzá"" que significa ""amarillo"" o ""gran valle"""
12,05,ANTIOQUIA,05045,APARTADÓ,Municipio,"-76,625279","7,882968",ANTIOQUIAAPARTADÓ,Origen Indigena,"Nombre indígena; significa 'puerto de bananos', en lengua embera"
13,05,ANTIOQUIA,05051,ARBOLETES,Municipio,"-76,426708","8,849317",ANTIOQUIAARBOLETES,0,
14,05,ANTIOQUIA,05055,ARGELIA,Municipio,"-75,14107","5,731474",ANTIOQUIAARGELIA,Origen Europeo,Por Argelia  país del norte de África 
15,05,ANTIOQUIA,05059,ARMENIA,Municipio,"-75,786647","6,155667",ANTIOQUIAARMENIA,Origen Europeo,Homenaje al país Armenia y a la masacre armenia  
16,05,ANTIOQUIA,05079,BARBOSA,Municipio,"-75,331627","6,439195",ANTIOQUIABARBOSA,Origen por nombre de una persona,Por Diego Fernández Barbosa hacendado colonial
17,05,ANTIOQUIA,05086,BELMIRA,Municipio,"-75,667779","6,606319",ANTIOQUIABELMIRA,Origen Europeo,"Alusión a la belleza del lugar de ""bella mira"" en español antiguo."
18,05,ANTIOQUIA,05088,BELLO,Municipio,"-75,555245","6,333587",ANTIOQUIABELLO,Origen por nombre de una persona,Por Andrés Bello humanista y poeta venezolano-chileno
19,05,ANTIOQUIA,05091,BETANIA,Municipio,"-75,97679","5,74615",ANTIOQUIABETANIA,Origen Religioso,Por el pueblo bíblico Betania  
20,05,ANTIOQUIA,05093,BETULIA,Municipio,"-75,984452","6,115208",ANTIOQUIABETULIA,Origen Religioso,Por ciudad bíblica de Betulia  
21,05,ANTIOQUIA,05101,CIUDAD BOLÍVAR,Municipio,"-76,021509","5,850273",ANTIOQUIACIUDAD BOLÍVAR,Origen por nombre de una persona,En honor a Simón Bolívar Libertador.
22,05,ANTIOQUIA,05107,BRICEÑO,Municipio,"-75,55036","7,112803",ANTIOQUIABRICEÑO,Origen por nombre de una persona,Por Manuel Briceño Fernández general conservador
23,05,ANTIOQUIA,05113,BURITICÁ,Municipio,"-75,907","6,720759",ANTIOQUIABURITICÁ,Origen Indigena,"Nombre del cacique Buriticá, intentó suicidarse para evitar captura española"
24,05,ANTIOQUIA,05120,CÁCERES,Municipio,"-75,35205","7,578366",ANTIOQUIACÁCERES,Origen Europeo,Por Cáceres en Extremadura  España 
25,05,ANTIOQUIA,05125,CAICEDO,Municipio,"-75,98293","6,405607",ANTIOQUIACAICEDO,Origen por nombre de una persona,Por José María Torres Caicedo intelectual y diplomático
26,05,ANTIOQUIA,05129,CALDAS,Municipio,"-75,633673","6,091077",ANTIOQUIACALDAS,Origen Religioso,En honor a la Virgen de las Mercedes  
27,05,ANTIOQUIA,05134,CAMPAMENTO,Municipio,"-75,298091","6,979771",ANTIOQUIACAMPAMENTO,Origen Natural,Por ser lugar de campamento en época de la colonización.
28,05,ANTIOQUIA,05138,CAÑASGORDAS,Municipio,"-76,028228","6,753859",ANTIOQUIACAÑASGORDAS,Origen Natural,Por la abundancia de cañas gordas (guaduales)
29,05,ANTIOQUIA,05142,CARACOLÍ,Municipio,"-74,757421","6,409829",ANTIOQUIACARACOLÍ,Origen Natural,Por el árbol caracolí (Anacardium excelsum)
30,05,ANTIOQUIA,05145,CARAMANTA,Municipio,"-75,643868","5,54853",ANTIOQUIACARAMANTA,Origen Indigena,"Nombre indígena, paraje en límites de departamentos"
31,05,ANTIOQUIA,05147,CAREPA,Municipio,"-76,652652","7,755148",ANTIOQUIACAREPA,Origen Indigena,Significa 'papagayo' en lengua indígena embera
32,05,ANTIOQUIA,05148,EL CARMEN DE VIBORAL,Municipio,"-75,333901","6,082885",ANTIOQUIAEL CARMEN DE VIBORAL,Origen Indigena,Nombre religioso; zona con antecedente indígena
33,05,ANTIOQUIA,05150,CAROLINA,Municipio,"-75,283192","6,725995",ANTIOQUIACAROLINA,Origen por nombre de una persona,Por Príncipe de Asturias Carlos IV
34,05,ANTIOQUIA,05154,CAUCASIA,Municipio,"-75,197996","7,977278",ANTIOQUIACAUCASIA,Origen Indigena,"Nombre indígena del río cercano, de origen embera"
35,05,ANTIOQUIA,05172,CHIGORODÓ,Municipio,"-76,681531","7,666147",ANTIOQUIACHIGORODÓ,Origen Indigena,"Municipio ubicado junto al río Atrato, en zona de lenguas indígenas embera"
36,05,ANTIOQUIA,05190,CISNEROS,Municipio,"-75,087047","6,537829",ANTIOQUIACISNEROS,Origen por nombre de una persona,Por Francisco Javier Cisneros ingeniero ferroviario
37,05,ANTIOQUIA,05197,COCORNÁ,Municipio,"-75,185483","6,058295",ANTIOQUIACOCORNÁ,Origen Indigena,"Nombre indígena derivado de un cacique local, posiblemente embera"
38,05,ANTIOQUIA,05206,CONCEPCIÓN,Municipio,"-75,257587","6,394348",ANTIOQUIACONCEPCIÓN,Origen Religioso,Por la Inmaculada Concepción (advocación mariana)  
39,05,ANTIOQUIA,05209,CONCORDIA,Municipio,"-75,908448","6,045738",ANTIOQUIACONCORDIA,Origen Religioso,Por diosa Concordia y la idea de concordia  
40,05,ANTIOQUIA,05212,COPACABANA,Municipio,"-75,509384","6,348557",ANTIOQUIACOPACABANA,Origen Europeo,Por la ciudad de Copacabana en Bolivia  
41,05,ANTIOQUIA,05234,DABEIBA,Municipio,"-76,261614","6,998112",ANTIOQUIADABEIBA,Origen Indigena,"Nombre derivado de una mujer mitológica Dabaibe, relacionada con templos y leyendas indígenas"
42,05,ANTIOQUIA,05237,DONMATÍAS,Municipio,"-75,39263","6,485603",ANTIOQUIADONMATÍAS,Origen por nombre de una persona,Por San Domingo de Guzmán
43,05,ANTIOQUIA,05240,EBÉJICO,Municipio,"-75,766413","6,325615",ANTIOQUIAEBÉJICO,Origen Indigena,Nombre del grupo indígena nutabaes y de su cacique
44,05,ANTIOQUIA,05250,EL BAGRE,Municipio,"-74,799097","7,5975",ANTIOQUIAEL BAGRE,Origen Indigena,Nombre asociado al río Bagre; nombre indígena de origen chocoano
45,05,ANTIOQUIA,05264,ENTRERRÍOS,Municipio,"-75,517685","6,566273",ANTIOQUIAENTRERRÍOS,Origen Natural,Por su ubicación entre ríos
46,05,ANTIOQUIA,05266,ENVIGADO,Municipio,"-75,582192","6,166695",ANTIOQUIAENVIGADO,Origen Indigena,"De origen indígena, nombre de un antiguo asentamiento"
47,05,ANTIOQUIA,05282,FREDONIA,Municipio,"-75,675072","5,928039",ANTIOQUIAFREDONIA,Origen Europeo,"Por la palabra francesa ""frédonie"" o en honor a libertad local"
48,05,ANTIOQUIA,05284,FRONTINO,Municipio,"-76,130765","6,776066",ANTIOQUIAFRONTINO,Origen Natural,Por la mancha blanca en una peña (asociada a caballos frontinos)
49,05,ANTIOQUIA,05306,GIRALDO,Municipio,"-75,952158","6,680808",ANTIOQUIAGIRALDO,Origen por nombre de una persona,Por Rafael María Giraldo gobernador
50,05,ANTIOQUIA,05308,GIRARDOTA,Municipio,"-75,444238","6,379472",ANTIOQUIAGIRARDOTA,Origen por nombre de una persona,Por Gabriel Girardot
51,05,ANTIOQUIA,05310,GÓMEZ PLATA,Municipio,"-75,220018","6,683269",ANTIOQUIAGÓMEZ PLATA,Origen por nombre de una persona,Por obispo Juan de la Cruz Gómez Plata
52,05,ANTIOQUIA,05313,GRANADA,Municipio,"-75,184446","6,142892",ANTIOQUIAGRANADA,Origen Europeo,En honor a Granada  España 
53,05,ANTIOQUIA,05315,GUADALUPE,Municipio,"-75,239862","6,815069",ANTIOQUIAGUADALUPE,Origen Religioso,En honor a la Virgen de Guadalupe  
54,05,ANTIOQUIA,05318,GUARNE,Municipio,"-75,441612","6,27787",ANTIOQUIAGUARNE,Origen Indigena,"Nombre indígena; municipio del oriente antioqueño, significado impreciso"
55,05,ANTIOQUIA,05321,GUATAPÉ,Municipio,"-75,160041","6,232461",ANTIOQUIAGUATAPÉ,Origen Indigena,"Nombre indígena, hace referencia a la piedra sagrada, lengua tahamí"
56,05,ANTIOQUIA,05347,HELICONIA,Municipio,"-75,734322","6,206757",ANTIOQUIAHELICONIA,Origen Natural,Por la planta heliconia
57,05,ANTIOQUIA,05353,HISPANIA,Municipio,"-75,906587","5,799461",ANTIOQUIAHISPANIA,Origen Europeo,Por Hispania  nombre latino de España 
58,05,ANTIOQUIA,05360,ITAGÜÍ,Municipio,"-75,612056","6,175079",ANTIOQUIAITAGÜÍ,Origen Indigena,"De origen embera, nombre de asentamiento indígena"
59,05,ANTIOQUIA,05361,ITUANGO,Municipio,"-75,764673","7,171629",ANTIOQUIAITUANGO,Origen Indigena,Significa 'río de chicha' en lengua indígena local
60,05,ANTIOQUIA,05364,JARDÍN,Municipio,"-75,818982","5,597542",ANTIOQUIAJARDÍN,Origen Natural,Por el carácter florido del territorio
61,05,ANTIOQUIA,05368,JERICÓ,Municipio,"-75,785499","5,789748",ANTIOQUIAJERICÓ,Origen Religioso,Por ciudad bíblica de Jericó  
62,05,ANTIOQUIA,05376,LA CEJA,Municipio,"-75,429433","6,028062",ANTIOQUIALA CEJA,Origen Indigena,"Nombre de origen español, pero incluye asentamientos modernos indígenas en la región"
63,05,ANTIOQUIA,05380,LA ESTRELLA,Municipio,"-75,637708","6,145238",ANTIOQUIALA ESTRELLA,Origen Natural,Por ser nombrada en honor a la estrella
64,05,ANTIOQUIA,05390,LA PINTADA,Municipio,"-75,60781","5,743808",ANTIOQUIALA PINTADA,Origen Natural,Por pinturas rupestres indígenas o rocas pintadas
65,05,ANTIOQUIA,05400,LA UNIÓN,Municipio,"-75,360874","5,973845",ANTIOQUIALA UNIÓN,Origen Religioso,En honor a la Virgen de las Mercedes  
66,05,ANTIOQUIA,05411,LIBORINA,Municipio,"-75,812838","6,677316",ANTIOQUIALIBORINA,Origen por nombre de una persona,Por Liborio Mejía Gutiérrez prócer antioqueño
67,05,ANTIOQUIA,05425,MACEO,Municipio,"-74,78716","6,552116",ANTIOQUIAMACEO,Origen por nombre de una persona,Por José Antonio Maceo militar cubano
68,05,ANTIOQUIA,05440,MARINILLA,Municipio,"-75,339345","6,173995",ANTIOQUIAMARINILLA,Origen Religioso,En honor a la Virgen María  
69,05,ANTIOQUIA,05467,MONTEBELLO,Municipio,"-75,523455","5,946313",ANTIOQUIAMONTEBELLO,Origen Religioso,En honor a la Virgen de las Mercedes  
70,05,ANTIOQUIA,05475,MURINDÓ,Municipio,"-76,817485","6,97771",ANTIOQUIAMURINDÓ,Origen Indigena,Nombre indígena en región Urabá
71,05,ANTIOQUIA,05480,MUTATÁ,Municipio,"-76,435875","7,242875",ANTIOQUIAMUTATÁ,Origen Indigena,"Nombre indígena embera, variante mutadó"
72,05,ANTIOQUIA,05483,NARIÑO,Municipio,"-75,176262","5,610777",ANTIOQUIANARIÑO,Origen por nombre de una persona,Por Antonio Nariño
73,05,ANTIOQUIA,05490,NECOCLÍ,Municipio,"-76,787271","8,434526",ANTIOQUIANECOCLÍ,Origen Indigena,Nombre indígena de la región de Urabá
74,05,ANTIOQUIA,05495,NECHÍ,Municipio,"-74,77647","8,094129",ANTIOQUIANECHÍ,Origen Indigena,Término indígena relacionado con la palabra oro
75,05,ANTIOQUIA,05501,OLAYA,Municipio,"-75,811773","6,626492",ANTIOQUIAOLAYA,Origen por nombre de una persona,Por Enrique Olaya Herrera presidente
76,05,ANTIOQUIA,05541,PEÑOL,Municipio,"-75,242693","6,219349",ANTIOQUIAPEÑOL,Origen Natural,"Por formación rocosa llamada ""El Peñol"""
77,05,ANTIOQUIA,05543,PEQUE,Municipio,"-75,910357","7,021029",ANTIOQUIAPEQUE,Origen Indigena,"Nombre indígena, grupo nutabe de la zona"
78,05,ANTIOQUIA,05576,PUEBLORRICO,Municipio,"-75,839903","5,79158",ANTIOQUIAPUEBLORRICO,Origen Natural,Por la abundancia de pueblos y riquezas naturales
79,05,ANTIOQUIA,05579,PUERTO BERRÍO,Municipio,"-74,410016","6,487028",ANTIOQUIAPUERTO BERRÍO,Origen por nombre de una persona,Por José María Berrío
80,05,ANTIOQUIA,05585,PUERTO NARE,Municipio,"-74,583012","6,186025",ANTIOQUIAPUERTO NARE,Origen Indigena,Nombre de cacique Naré
81,05,ANTIOQUIA,05591,PUERTO TRIUNFO,Municipio,"-74,64119","5,871318",ANTIOQUIAPUERTO TRIUNFO,Origen Natural,Por la prosperidad del puerto fluvial
82,05,ANTIOQUIA,05604,REMEDIOS,Municipio,"-74,698135","7,029424",ANTIOQUIAREMEDIOS,Origen Religioso,En honor a la Virgen de los Remedios  
83,05,ANTIOQUIA,05607,RETIRO,Municipio,"-75,501301","6,062454",ANTIOQUIARETIRO,Origen Natural,Por ser un lugar de retiro espiritual o reposo
84,05,ANTIOQUIA,05615,RIONEGRO,Municipio,"-75,377316","6,147148",ANTIOQUIARIONEGRO,Origen Indigena,Nombre indígena desvirtuado
85,05,ANTIOQUIA,05628,SABANALARGA,Municipio,"-75,816645","6,850028",ANTIOQUIASABANALARGA,Origen Natural,Por la extensa sabana o llanura
86,05,ANTIOQUIA,05631,SABANETA,Municipio,"-75,615479","6,149903",ANTIOQUIASABANETA,Origen Natural,Por sabana pequeña
87,05,ANTIOQUIA,05642,SALGAR,Municipio,"-75,976807","5,964198",ANTIOQUIASALGAR,Origen Natural,Por cercano a minas de sal y origen de la palabra 'salga'
88,05,ANTIOQUIA,05647,SAN ANDRÉS DE CUERQUÍA,Municipio,"-75,674564","6,916676",ANTIOQUIASAN ANDRÉS DE CUERQUÍA,Origen Religioso,En honor a San Andrés
89,05,ANTIOQUIA,05649,SAN CARLOS,Municipio,"-74,988097","6,187746",ANTIOQUIASAN CARLOS,Origen Religioso,En honor a San Carlos Borromeo  
90,05,ANTIOQUIA,05652,SAN FRANCISCO,Municipio,"-75,101562","5,963476",ANTIOQUIASAN FRANCISCO,Origen Religioso,En honor a San Francisco de Asís  
91,05,ANTIOQUIA,05656,SAN JERÓNIMO,Municipio,"-75,726975","6,44809",ANTIOQUIASAN JERÓNIMO,Origen Religioso,En honor a San Jerónimo  
92,05,ANTIOQUIA,05658,SAN JOSÉ DE LA MONTAÑA,Municipio,"-75,683352","6,85009",ANTIOQUIASAN JOSÉ DE LA MONTAÑA,Origen Religioso,Patrocinado por San José  
93,05,ANTIOQUIA,05659,SAN JUAN DE URABÁ,Municipio,"-76,52857","8,758964",ANTIOQUIASAN JUAN DE URABÁ,Origen Religioso,En honor a San Juan  
94,05,ANTIOQUIA,05660,SAN LUIS,Municipio,"-74,993619","6,043017",ANTIOQUIASAN LUIS,Origen Religioso,En honor a San Luis Gonzaga  
95,05,ANTIOQUIA,05664,SAN PEDRO DE LOS MILAGROS,Municipio,"-75,556743","6,46012",ANTIOQUIASAN PEDRO DE LOS MILAGROS,Origen Religioso,En honor a San Pedro apóstol  
96,05,ANTIOQUIA,05665,SAN PEDRO DE URABÁ,Municipio,"-76,380567","8,276884",ANTIOQUIASAN PEDRO DE URABÁ,Origen Religioso,En honor a San Pedro apóstol  
97,05,ANTIOQUIA,05667,SAN RAFAEL,Municipio,"-75,02849","6,293759",ANTIOQUIASAN RAFAEL,Origen Religioso,En honor al Arcángel San Rafael  
98,05,ANTIOQUIA,05670,SAN ROQUE,Municipio,"-75,019109","6,485939",ANTIOQUIASAN ROQUE,Origen Religioso,En honor a San Roque  
99,05,ANTIOQUIA,05674,SAN VICENTE FERRER,Municipio,"-75,332616","6,282164",ANTIOQUIASAN VICENTE FERRER,Origen Religioso,En honor a San Vicente Ferrer  
100,05,ANTIOQUIA,05679,SANTA BÁRBARA,Municipio,"-75,567351","5,875527",ANTIOQUIASANTA BÁRBARA,Origen Religioso,En honor a Santa Bárbara  
101,05,ANTIOQUIA,05686,SANTA ROSA DE OSOS,Municipio,"-75,460723","6,643366",ANTIOQUIASANTA ROSA DE OSOS,Origen Religioso,En honor a Santa Rosa de Lima  
102,05,ANTIOQUIA,05690,SANTO DOMINGO,Municipio,"-75,164903","6,473032",ANTIOQUIASANTO DOMINGO,Origen Religioso,En honor a santo Domingo de Guzmán  
103,05,ANTIOQUIA,05697,EL SANTUARIO,Municipio,"-75,265465","6,136871",ANTIOQUIAEL SANTUARIO,Origen Religioso,Por un santuario religioso local
104,05,ANTIOQUIA,05736,SEGOVIA,Municipio,"-74,701596","7,079648",ANTIOQUIASEGOVIA,Origen Europeo,Por Segovia  Castilla y León España 
105,05,ANTIOQUIA,05756,SONSÓN,Municipio,"-75,309596","5,714851",ANTIOQUIASONSÓN,Origen Natural,"Por la abundancia de árboles de ""sonso"""
106,05,ANTIOQUIA,05761,SOPETRÁN,Municipio,"-75,747378","6,500745",ANTIOQUIASOPETRÁN,Origen Religioso,Por el monasterio y Virgen de Sopetrán en Guadalajara  España 
107,05,ANTIOQUIA,05789,TÁMESIS,Municipio,"-75,714429","5,664645",ANTIOQUIATÁMESIS,Origen Europeo,Por río Támesis  Inglaterra 
108,05,ANTIOQUIA,05790,TARAZÁ,Municipio,"-75,401407","7,580127",ANTIOQUIATARAZÁ,Origen Indigena,"Nombre del río Tarazá, origen indígena"
109,05,ANTIOQUIA,05792,TARSO,Municipio,"-75,822956","5,864542",ANTIOQUIATARSO,Origen Europeo,Por Tarso en Grecia
110,05,ANTIOQUIA,05809,TITIRIBÍ,Municipio,"-75,791887","6,062391",ANTIOQUIATITIRIBÍ,Origen Indigena,Nombre indígena embera
111,05,ANTIOQUIA,05819,TOLEDO,Municipio,"-75,692281","7,010328",ANTIOQUIATOLEDO,Origen Europeo,Nombrado por Toledo  España 
112,05,ANTIOQUIA,05837,TURBO,Municipio,"-76,728858","8,089929",ANTIOQUIATURBO,Origen Natural,Por corrientes rápidas (turbulencia) en la zona
113,05,ANTIOQUIA,05842,URAMITA,Municipio,"-76,173284","6,898393",ANTIOQUIAURAMITA,Origen Indigena,Diminutivo indígena castellano que alude a la palabra 'totuma'
114,05,ANTIOQUIA,05847,URRAO,Municipio,"-76,133951","6,317343",ANTIOQUIAURRAO,Origen Indigena,"Nombre indígena, posible diminutivo indígena"
115,05,ANTIOQUIA,05854,VALDIVIA,Municipio,"-75,439274","7,1652",ANTIOQUIAVALDIVIA,Origen por nombre de una persona,En honor a Andrés de Valdivia conquistador
116,05,ANTIOQUIA,05856,VALPARAÍSO,Municipio,"-75,624452","5,614555",ANTIOQUIAVALPARAÍSO,Origen Europeo,Por ciudad Valparaíso  Chile 
117,05,ANTIOQUIA,05858,VEGACHÍ,Municipio,"-74,798714","6,773525",ANTIOQUIAVEGACHÍ,Origen Indigena,Nombre que deriva de una finca llamada Vegas de la China; sonoridad indígena posiblemente accidental
118,05,ANTIOQUIA,05861,VENECIA,Municipio,"-75,735544","5,964693",ANTIOQUIAVENECIA,Origen Europeo,Nombrado por la ciudad de Venecia  Italia 
119,05,ANTIOQUIA,05873,VIGÍA DEL FUERTE,Municipio,"-76,896004","6,588164",ANTIOQUIAVIGÍA DEL FUERTE,Origen Natural,Por miradores o vigías en la región
120,05,ANTIOQUIA,05885,YALÍ,Municipio,"-74,840059","6,676554",ANTIOQUIAYALÍ,Origen Indigena,"Nombre indígena, pueblo ubicado en cresta montañosa"
121,05,ANTIOQUIA,05887,YARUMAL,Municipio,"-75,418828","6,963832",ANTIOQUIAYARUMAL,Origen Indigena,"Nombre indígena, origen desconocido"
122,05,ANTIOQUIA,05890,YOLOMBÓ,Municipio,"-75,013385","6,594511",ANTIOQUIAYOLOMBÓ,Origen Indigena,Del indígena heritage con significado no especificado
123,05,ANTIOQUIA,05893,YONDÓ,Municipio,"-73,912445","7,00396",ANTIOQUIAYONDÓ,Origen Indigena,"Nombre indígena embera, zona Urabá"
124,05,ANTIOQUIA,05895,ZARAGOZA,Municipio,"-74,867075","7,488583",ANTIOQUIAZARAGOZA,Origen Europeo,Nombrado por la ciudad de Zaragoza en Aragón  España 
125,08,ATLÁNTICO,08001,BARRANQUILLA,Municipio,"-74,815546","10,977961",ATLÁNTICOBARRANQUILLA,Origen Natural,Por la formación de barrancas o acantilados
126,08,ATLÁNTICO,08078,BARANOA,Municipio,"-74,916077","10,79445",ATLÁNTICOBARANOA,Origen Indigena,"Nombre posiblemente de cacique local o planta, referido desde siglo XVI"
127,08,ATLÁNTICO,08137,CAMPO DE LA CRUZ,Municipio,"-74,880847","10,378291",ATLÁNTICOCAMPO DE LA CRUZ,Origen Religioso,Por la cruz cristiana  
128,08,ATLÁNTICO,08141,CANDELARIA,Municipio,"-74,879717","10,461903",ATLÁNTICOCANDELARIA,Origen Religioso,En honor a la Virgen de la Candelaria  
129,08,ATLÁNTICO,08296,GALAPA,Municipio,"-74,870385","10,919033",ATLÁNTICOGALAPA,Origen Indigena,"Nombre indígena, pueblo ancestral con restos arqueológicos milenarios"
130,08,ATLÁNTICO,08372,JUAN DE ACOSTA,Municipio,"-75,041032","10,83254",ATLÁNTICOJUAN DE ACOSTA,Origen por nombre de una persona,Por Juan de Acosta y López propietario
131,08,ATLÁNTICO,08421,LURUACO,Municipio,"-75,14199","10,610491",ATLÁNTICOLURUACO,Origen Indigena,'Lugar de canoas' en lengua mokaná
132,08,ATLÁNTICO,08433,MALAMBO,Municipio,"-74,776923","10,857086",ATLÁNTICOMALAMBO,Origen Indigena,'Río de aguas blancas' en lengua mokaná
133,08,ATLÁNTICO,08436,MANATÍ,Municipio,"-74,956867","10,449089",ATLÁNTICOMANATÍ,Origen Indigena,"Nombre posiblemente indígena, ciudad con historia colonial"
134,08,ATLÁNTICO,08520,PALMAR DE VARELA,Municipio,"-74,754765","10,738591",ATLÁNTICOPALMAR DE VARELA,Origen Natural,Por palmas en la zona y el apellido del fundador (Catalino Varela)
135,08,ATLÁNTICO,08549,PIOJÓ,Municipio,"-75,107592","10,749216",ATLÁNTICOPIOJÓ,Origen Indigena,Nombre derivado de un cacique local
136,08,ATLÁNTICO,08558,POLONUEVO,Municipio,"-74,852981","10,777363",ATLÁNTICOPOLONUEVO,Origen Indigena,Nombre indígena incorporado sin significado claro.
137,08,ATLÁNTICO,08560,PONEDERA,Municipio,"-74,753885","10,641779",ATLÁNTICOPONEDERA,Origen Natural,"Por las iguanas y tortugas que ""ponían"" huevos allí"
138,08,ATLÁNTICO,08573,PUERTO COLOMBIA,Municipio,"-74,888627","11,015322",ATLÁNTICOPUERTO COLOMBIA,Origen Natural,Por puerto marítimo
139,08,ATLÁNTICO,08606,REPELÓN,Municipio,"-75,125534","10,493357",ATLÁNTICOREPELÓN,Origen Indigena,Nombre indígena de la región
140,08,ATLÁNTICO,08634,SABANAGRANDE,Municipio,"-74,759496","10,792453",ATLÁNTICOSABANAGRANDE,Origen Indigena,Nombre indígena de origen incierto
141,08,ATLÁNTICO,08638,SABANALARGA,Municipio,"-74,921256","10,632091",ATLÁNTICOSABANALARGA,Origen Indigena,Nombre indígena de la región
142,08,ATLÁNTICO,08675,SANTA LUCÍA,Municipio,"-74,959204","10,324303",ATLÁNTICOSANTA LUCÍA,Origen Religioso,En honor a Santa Lucía  
143,08,ATLÁNTICO,08685,SANTO TOMÁS,Municipio,"-74,757859","10,758735",ATLÁNTICOSANTO TOMÁS,Origen Religioso,En honor a Santo Tomás de Villanueva  
144,08,ATLÁNTICO,08758,SOLEDAD,Municipio,"-74,786054","10,909921",ATLÁNTICOSOLEDAD,Origen Religioso,"Por hacienda denominada ""soledad"" y con evocación religiosa"
145,08,ATLÁNTICO,08770,SUAN,Municipio,"-74,881687","10,335432",ATLÁNTICOSUAN,Origen Indigena,Nombre de origen indígena sin significado concreto en el texto
146,08,ATLÁNTICO,08832,TUBARÁ,Municipio,"-74,978704","10,873586",ATLÁNTICOTUBARÁ,Origen Indigena,"Nombre indígena, relacionado con palabra taína similar a tiburón"
147,08,ATLÁNTICO,08849,USIACURÍ,Municipio,"-74,976985","10,74298",ATLÁNTICOUSIACURÍ,Origen Indigena,Nombre indígena de origen local
148,11,"BOGOTÁ, D.C.",11001,"BOGOTÁ, D.C.",Municipio,"-74,106992","4,649251","BOGOTÁ, D.C.BOGOTÁ, D.C.",0,
149,13,BOLÍVAR,13001,CARTAGENA DE INDIAS,Municipio,"-75,496269","10,385126",BOLÍVARCARTAGENA DE INDIAS,Origen Europeo,Por Cartagena en España inspirada en la fenicia
150,13,BOLÍVAR,13006,ACHÍ,Municipio,"-74,557676","8,570107",BOLÍVARACHÍ,Origen Indigena,Nombre indígena sin significado detallado
151,13,BOLÍVAR,13030,ALTOS DEL ROSARIO,Municipio,"-74,164905","8,791865",BOLÍVARALTOS DEL ROSARIO,Origen Religioso,En honor a la Virgen del Rosario  
152,13,BOLÍVAR,13042,ARENAL,Municipio,"-73,941099","8,458865",BOLÍVARARENAL,0,
153,13,BOLÍVAR,13052,ARJONA,Municipio,"-75,344332","10,25666",BOLÍVARARJONA,Origen por nombre de una persona,Por Bartolomé de Arjona encomendero
154,13,BOLÍVAR,13062,ARROYOHONDO,Municipio,"-75,019215","10,250075",BOLÍVARARROYOHONDO,Origen Natural,Por el arroyo profundo junto al pueblo
155,13,BOLÍVAR,13074,BARRANCO DE LOBA,Municipio,"-74,104391","8,947787",BOLÍVARBARRANCO DE LOBA,Origen Natural,Por una barranca habitada por lobos en la zona.
156,13,BOLÍVAR,13140,CALAMAR,Municipio,"-74,916144","10,250431",BOLÍVARCALAMAR,Origen Natural,Nombrado por la abundancia de calamares en el río Magdalena.
157,13,BOLÍVAR,13160,CANTAGALLO,Municipio,"-73,914605","7,378678",BOLÍVARCANTAGALLO,Origen Indigena,Deformación de Huacagallo
158,13,BOLÍVAR,13188,CICUCO,Municipio,"-74,645981","9,274281",BOLÍVARCICUCO,Origen Indigena,Derivado del nombre de un cacique malibú
159,13,BOLÍVAR,13212,CÓRDOBA,Municipio,"-74,827399","9,586942",BOLÍVARCÓRDOBA,Origen Europeo,En honor a la ciudad española de Córdoba.
160,13,BOLÍVAR,13222,CLEMENCIA,Municipio,"-75,328469","10,567452",BOLÍVARCLEMENCIA,Origen por nombre de una persona,Por María Clemencia Grau antigua propietaria
161,13,BOLÍVAR,13244,EL CARMEN DE BOLÍVAR,Municipio,"-75,121178","9,718653",BOLÍVAREL CARMEN DE BOLÍVAR,Origen Religioso,En honor a la Virgen del Carmen  
162,13,BOLÍVAR,13248,EL GUAMO,Municipio,"-74,976084","10,030958",BOLÍVAREL GUAMO,Origen Natural,Por el árbol guamo
163,13,BOLÍVAR,13268,EL PEÑÓN,Municipio,"-73,949274","8,988271",BOLÍVAREL PEÑÓN,Origen Natural,Por un peñón o roca prominente cerca del río Magdalena.
164,13,BOLÍVAR,13300,HATILLO DE LOBA,Municipio,"-74,077912","8,956014",BOLÍVARHATILLO DE LOBA,Origen Natural,Nombrado por la presencia de lobos en un pequeño monte o hatillo.
165,13,BOLÍVAR,13430,MAGANGUÉ,Municipio,"-74,766742","9,263799",BOLÍVARMAGANGUÉ,Origen Indigena,Nombre indígena del río Magdalena
166,13,BOLÍVAR,13433,MAHATES,Municipio,"-75,191643","10,233285",BOLÍVARMAHATES,Origen Indigena,Nombre de un grupo indígena malibú
167,13,BOLÍVAR,13440,MARGARITA,Municipio,"-74,285137","9,15784",BOLÍVARMARGARITA,Origen por nombre de una persona,Por Margarita Durán de Cogollo propietaria momposina
168,13,BOLÍVAR,13442,MARÍA LA BAJA,Municipio,"-75,300516","9,982402",BOLÍVARMARÍA LA BAJA,Origen Religioso,En honor a la Virgen María  
169,13,BOLÍVAR,13458,MONTECRISTO,Municipio,"-74,471176","8,297234",BOLÍVARMONTECRISTO,Origen Europeo,"En alusión a la isla y la novela ""El conde de Montecristo""."
170,13,BOLÍVAR,13468,SANTA CRUZ DE MOMPOX,Municipio,"-74,42818","9,244241",BOLÍVARSANTA CRUZ DE MOMPOX,Origen Religioso,Por la cruz cristiana  
171,13,BOLÍVAR,13473,MORALES,Municipio,"-73,868172","8,276558",BOLÍVARMORALES,Origen por nombre de una persona,Por Pedro Vicente de Morales (fundador)
172,13,BOLÍVAR,13490,NOROSÍ,Municipio,"-74,038003","8,526259",BOLÍVARNOROSÍ,Origen Indigena,Nombre indígena de origen perdido
173,13,BOLÍVAR,13549,PINILLOS,Municipio,"-74,462279","8,914947",BOLÍVARPINILLOS,Origen por nombre de una persona,Por Pedro Martínez de Pinillos benefactor
174,13,BOLÍVAR,13580,REGIDOR,Municipio,"-73,821638","8,666258",BOLÍVARREGIDOR,Origen por nombre de una persona,Por encomendero o autoridad local colonial.
175,13,BOLÍVAR,13600,RÍO VIEJO,Municipio,"-73,840466","8,58795",BOLÍVARRÍO VIEJO,Origen Natural,Por el río viejo que marca la geografía local.
176,13,BOLÍVAR,13620,SAN CRISTÓBAL,Municipio,"-75,065076","10,392836",BOLÍVARSAN CRISTÓBAL,Origen Religioso,En honor a San Cristóbal santo católico.
177,13,BOLÍVAR,13647,SAN ESTANISLAO,Municipio,"-75,153101","10,398602",BOLÍVARSAN ESTANISLAO,Origen Religioso,Por San Estanislao santo patrón.
178,13,BOLÍVAR,13650,SAN FERNANDO,Municipio,"-74,323811","9,214183",BOLÍVARSAN FERNANDO,Origen Religioso,En honor a San Fernando  
179,13,BOLÍVAR,13654,SAN JACINTO,Municipio,"-75,12105","9,830275",BOLÍVARSAN JACINTO,Origen Religioso,En honor a San Jacinto de Cracovia  
180,13,BOLÍVAR,13655,SAN JACINTO DEL CAUCA,Municipio,"-74,721156","8,25158",BOLÍVARSAN JACINTO DEL CAUCA,Origen Religioso,En honor a San Jacinto de Cracovia  
181,13,BOLÍVAR,13657,SAN JUAN NEPOMUCENO,Municipio,"-75,081761","9,953751",BOLÍVARSAN JUAN NEPOMUCENO,Origen Religioso,En honor a San Juan Nepomuceno  
182,13,BOLÍVAR,13667,SAN MARTÍN DE LOBA,Municipio,"-74,039134","8,937485",BOLÍVARSAN MARTÍN DE LOBA,Origen Religioso,En honor a San Martín de Tours  
183,13,BOLÍVAR,13670,SAN PABLO,Municipio,"-73,924602","7,476747",BOLÍVARSAN PABLO,Origen Religioso,En honor a San Pablo apóstol  
184,13,BOLÍVAR,13673,SANTA CATALINA,Municipio,"-75,287855","10,605294",BOLÍVARSANTA CATALINA,Origen Religioso,En honor a Santa Catalina de Alejandría  
185,13,BOLÍVAR,13683,SANTA ROSA,Municipio,"-75,369824","10,444396",BOLÍVARSANTA ROSA,Origen Religioso,En honor a Santa Rosa de Lima  
186,13,BOLÍVAR,13688,SANTA ROSA DEL SUR,Municipio,"-74,052243","7,963938",BOLÍVARSANTA ROSA DEL SUR,Origen Religioso,En honor a Santa Rosa de Lima  
187,13,BOLÍVAR,13744,SIMITÍ,Municipio,"-73,947264","7,953916",BOLÍVARSIMITÍ,Origen Indigena,Nombre indígena tradicional con referencias históricas desde 1537
188,13,BOLÍVAR,13760,SOPLAVIENTO,Municipio,"-75,136404","10,38839",BOLÍVARSOPLAVIENTO,Otro Origen,Por los fuertes vientos en la región
189,13,BOLÍVAR,13780,TALAIGUA NUEVO,Municipio,"-74,567479","9,30403",BOLÍVARTALAIGUA NUEVO,Origen Indigena,Nombre indígena relacionado con el río Talaigua.
190,13,BOLÍVAR,13810,TIQUISIO,Municipio,"-74,262922","8,558666",BOLÍVARTIQUISIO,Origen Indigena,Nombre indígena de origen perdido
191,13,BOLÍVAR,13836,TURBACO,Municipio,"-75,427249","10,348316",BOLÍVARTURBACO,Origen Indigena,Nombre indígena derivado del cacique Yurbaco
192,13,BOLÍVAR,13838,TURBANÁ,Municipio,"-75,44265","10,274585",BOLÍVARTURBANÁ,Origen Indigena,Nombre indígena derivado de cacique Yurbaná
193,13,BOLÍVAR,13873,VILLANUEVA,Municipio,"-75,275613","10,444089",BOLÍVARVILLANUEVA,Otro Origen,Por ser una villa fundada recientemente.
194,13,BOLÍVAR,13894,ZAMBRANO,Municipio,"-74,817879","9,746306",BOLÍVARZAMBRANO,Origen por nombre de una persona,Por la familia Zambrano
195,15,BOYACÁ,15001,TUNJA,Municipio,"-73,355539","5,53988",BOYACÁTUNJA,Origen Indigena,"Del muisca, 'cercado de cacique'"
196,15,BOYACÁ,15022,ALMEIDA,Municipio,"-73,378933","4,970857",BOYACÁALMEIDA,Origen Indigena,Derivado de nombre indígena
197,15,BOYACÁ,15047,AQUITANIA,Municipio,"-72,88399","5,518602",BOYACÁAQUITANIA,Origen Europeo,Por región francesa de Aquitania  
198,15,BOYACÁ,15051,ARCABUCO,Municipio,"-73,437503","5,755673",BOYACÁARCABUCO,Origen Indigena,Por cacique o término indígena
199,15,BOYACÁ,15087,BELÉN,Municipio,"-72,911641","5,98923",BOYACÁBELÉN,Origen Religioso,En honor a la ciudad bíblica Belén  
200,15,BOYACÁ,15090,BERBEO,Municipio,"-73,12721","5,227451",BOYACÁBERBEO,Origen Indigena,"Nombre muisca, municipio pequeño con patrimonio colonial"
201,15,BOYACÁ,15092,BETÉITIVA,Municipio,"-72,809014","5,909978",BOYACÁBETÉITIVA,Origen Indigena,"Nombre muisca, origen en la historia de Betacín"
202,15,BOYACÁ,15097,BOAVITA,Municipio,"-72,584905","6,330703",BOYACÁBOAVITA,Origen Indigena,"Nombre muisca, terminación -vita (cumbre, cresta)"
203,15,BOYACÁ,15104,BOYACÁ,Municipio,"-73,361945","5,454578",BOYACÁBOYACÁ,Origen Indigena,"Nombre muisca, terminación -cá (cercado)"
204,15,BOYACÁ,15106,BRICEÑO,Municipio,"-73,92326","5,690879",BOYACÁBRICEÑO,Origen por nombre de una persona,Por Manuel Briceño Fernández general conservador
205,15,BOYACÁ,15109,BUENAVISTA,Municipio,"-73,94217","5,512594",BOYACÁBUENAVISTA,Origen Natural,Por observatorio natural o bello panorama
206,15,BOYACÁ,15114,BUSBANZÁ,Municipio,"-72,884158","5,831393",BOYACÁBUSBANZÁ,Origen Indigena,Por pueblo indígena embera o término muisca
207,15,BOYACÁ,15131,CALDAS,Municipio,"-73,865553","5,55458",BOYACÁCALDAS,Origen por nombre de una persona,Por Francisco José de Caldas
208,15,BOYACÁ,15135,CAMPOHERMOSO,Municipio,"-73,104173","5,031676",BOYACÁCAMPOHERMOSO,Otro Origen,Por lo hermoso (belleza) del campo
209,15,BOYACÁ,15162,CERINZA,Municipio,"-72,947918","5,955939",BOYACÁCERINZA,Origen Indigena,Nombre indígena muisca
210,15,BOYACÁ,15172,CHINAVITA,Municipio,"-73,368476","5,167486",BOYACÁCHINAVITA,Origen Indigena,Nombre muisca
211,15,BOYACÁ,15176,CHIQUINQUIRÁ,Municipio,"-73,818745","5,61379",BOYACÁCHIQUINQUIRÁ,Origen Indigena,"Nombre muisca, significa 'ciénaga de los muiscas'"
212,15,BOYACÁ,15180,CHISCAS,Municipio,"-72,500957","6,553136",BOYACÁCHISCAS,Origen Indigena,"Nombre muisca, en las faldas de la Sierra Nevada del Cocuy"
213,15,BOYACÁ,15183,CHITA,Municipio,"-72,471892","6,187083",BOYACÁCHITA,Origen Indigena,"Nombre muisca, terminación -ta"
214,15,BOYACÁ,15185,CHITARAQUE,Municipio,"-73,4471","6,027425",BOYACÁCHITARAQUE,Origen Indigena,Nombre muisca
215,15,BOYACÁ,15187,CHIVATÁ,Municipio,"-73,282529","5,558949",BOYACÁCHIVATÁ,Origen Indigena,"Nombre muisca, entorno apacible y pintoresco"
216,15,BOYACÁ,15189,CIÉNEGA,Municipio,"-73,296049","5,408694",BOYACÁCIÉNEGA,Origen Indigena,"Del chibcha ""Sie"" deidad de las aguas"
217,15,BOYACÁ,15204,CÓMBITA,Municipio,"-73,323957","5,634545",BOYACÁCÓMBITA,Origen Indigena,Nombre muisca
218,15,BOYACÁ,15212,COPER,Municipio,"-74,045636","5,475074",BOYACÁCOPER,Origen Indigena,Nombre indígena muzo-caribe
219,15,BOYACÁ,15215,CORRALES,Municipio,"-72,844795","5,828064",BOYACÁCORRALES,Origen Natural,Por los corrales de ganado construidos por los colonizadores.
220,15,BOYACÁ,15218,COVARACHÍA,Municipio,"-72,738978","6,500177",BOYACÁCOVARACHÍA,Origen Indigena,"Nombre muisca, variante de Chía"
221,15,BOYACÁ,15223,CUBARÁ,Municipio,"-72,107939","6,997275",BOYACÁCUBARÁ,Origen Indigena,Nombre indígena uwa o tunebo
222,15,BOYACÁ,15224,CUCAITA,Municipio,"-73,454338","5,544452",BOYACÁCUCAITA,Origen Indigena,"Nombre muisca, terminación -ta"
223,15,BOYACÁ,15226,CUÍTIVA,Municipio,"-72,965923","5,580367",BOYACÁCUÍTIVA,Origen Indigena,"Nombre muisca, junto a Aquitania y Tota en la laguna"
224,15,BOYACÁ,15232,CHÍQUIZA,Municipio,"-73,449463","5,639834",BOYACÁCHÍQUIZA,Origen Indigena,Nombre muisca
225,15,BOYACÁ,15236,CHIVOR,Municipio,"-73,368398","4,888173",BOYACÁCHIVOR,Origen Indigena,"Significa ""nido azul"" por los yacimientos de esmeraldas."
226,15,BOYACÁ,15238,DUITAMA,Municipio,"-73,03063","5,822964",BOYACÁDUITAMA,Origen Indigena,"Nombre del cacique Duitama, muisca, que significa 'cercado o fortaleza'"
227,15,BOYACÁ,15244,EL COCUY,Municipio,"-72,444537","6,407738",BOYACÁEL COCUY,Origen Indigena,Palabra chibcha que significa “valle de las conchas”.
228,15,BOYACÁ,15248,EL ESPINO,Municipio,"-72,497007","6,483027",BOYACÁEL ESPINO,Origen Natural,Por el arbusto espino
229,15,BOYACÁ,15272,FIRAVITOBA,Municipio,"-72,993392","5,668885",BOYACÁFIRAVITOBA,Origen Indigena,Nombre muisca; localidad en la provincia de Sugamuxi
230,15,BOYACÁ,15276,FLORESTA,Municipio,"-72,918111","5,859519",BOYACÁFLORESTA,Origen Indigena,Nombre muisca
231,15,BOYACÁ,15293,GACHANTIVÁ,Municipio,"-73,549092","5,751891",BOYACÁGACHANTIVÁ,Origen Indigena,Por vocablo muisca que significa 'cercado y labranza'
232,15,BOYACÁ,15296,GÁMEZA,Municipio,"-72,80553","5,802333",BOYACÁGÁMEZA,Origen Indigena,"Nombre de un cacique local, provincia de Sugamuxi"
233,15,BOYACÁ,15299,GARAGOA,Municipio,"-73,364413","5,083234",BOYACÁGARAGOA,Origen Indigena,"Nombre muisca, iglesia catedral monumental"
234,15,BOYACÁ,15317,GUACAMAYAS,Municipio,"-72,500812","6,459667",BOYACÁGUACAMAYAS,Origen Natural,Por el ave guacamaya (origen guaraní)
235,15,BOYACÁ,15322,GUATEQUE,Municipio,"-73,471207","5,007321",BOYACÁGUATEQUE,Origen Indigena,Nombre muisca
236,15,BOYACÁ,15325,GUAYATÁ,Municipio,"-73,489698","4,967122",BOYACÁGUAYATÁ,Origen Indigena,"Nombre muisca, terminación -ta"
237,15,BOYACÁ,15332,GÜICÁN DE LA SIERRA,Municipio,"-72,411763","6,462864",BOYACÁGÜICÁN DE LA SIERRA,Origen Indigena,Por vocablo indígena para habitante local
238,15,BOYACÁ,15362,IZA,Municipio,"-72,979559","5,611577",BOYACÁIZA,Origen Indigena,"Nombre muisca, conocida por sus aguas termales"
239,15,BOYACÁ,15367,JENESANO,Municipio,"-73,363738","5,385813",BOYACÁJENESANO,Origen Europeo,Por Genazzano  Italia 
240,15,BOYACÁ,15368,JERICÓ,Municipio,"-72,571122","6,145735",BOYACÁJERICÓ,Origen Religioso,Por ciudad bíblica de Jericó  
241,15,BOYACÁ,15377,LABRANZAGRANDE,Municipio,"-72,57777","5,562687",BOYACÁLABRANZAGRANDE,Origen Natural,Por actividad agrícola de colonos
242,15,BOYACÁ,15380,LA CAPILLA,Municipio,"-73,444347","5,095687",BOYACÁLA CAPILLA,Origen Religioso,Por una aparición de la Virgen de la Candelaria  
243,15,BOYACÁ,15401,LA VICTORIA,Municipio,"-74,234393","5,523792",BOYACÁLA VICTORIA,Otro Origen,Por la victoria obtenida sobre dificultades o en fundaciones locales.
244,15,BOYACÁ,15403,LA UVITA,Municipio,"-72,559982","6,31616",BOYACÁLA UVITA,Origen Indigena,"Nombre muisca, hace referencia a meseta"
245,15,BOYACÁ,15407,VILLA DE LEYVA,Municipio,"-73,524948","5,632455",BOYACÁVILLA DE LEYVA,Origen Indigena,Por fundador español Don Antonio de Leyva y referencia indígena local
246,15,BOYACÁ,15425,MACANAL,Municipio,"-73,319593","4,972464",BOYACÁMACANAL,Origen Natural,Por la palmera macana usada por indígenas
247,15,BOYACÁ,15442,MARIPÍ,Municipio,"-74,00405","5,550091",BOYACÁMARIPÍ,Origen Indigena,"Nombre indígena muzo, caribe, grupo minero extinto"
248,15,BOYACÁ,15455,MIRAFLORES,Municipio,"-73,14563","5,196515",BOYACÁMIRAFLORES,Origen Europeo,Por Miraflores  España 
249,15,BOYACÁ,15464,MONGUA,Municipio,"-72,79809","5,754242",BOYACÁMONGUA,Origen Indigena,Por palabra muisca con significado puntual
250,15,BOYACÁ,15466,MONGUÍ,Municipio,"-72,849292","5,723486",BOYACÁMONGUÍ,Origen Indigena,"Nombre muisca, famosa basílica menor"
251,15,BOYACÁ,15469,MONIQUIRÁ,Municipio,"-73,573374","5,876331",BOYACÁMONIQUIRÁ,Origen Indigena,Nombre muisca: 'cercado de baño'
252,15,BOYACÁ,15476,MOTAVITA,Municipio,"-73,367841","5,5777",BOYACÁMOTAVITA,Origen Indigena,Nombre muisca
253,15,BOYACÁ,15480,MUZO,Municipio,"-74,10269","5,532758",BOYACÁMUZO,Origen Indigena,Nombre indígena; importante centro de explotación de esmeraldas de la etnia muzo
254,15,BOYACÁ,15491,NOBSA,Municipio,"-72,937042","5,768046",BOYACÁNOBSA,Origen Indigena,"Nombre muisca, famosa por sus tejidos"
255,15,BOYACÁ,15494,NUEVO COLÓN,Municipio,"-73,456759","5,355317",BOYACÁNUEVO COLÓN,Origen por nombre de una persona,En honor a Cristóbal Colón (antes Chiriví)
256,15,BOYACÁ,15500,OICATÁ,Municipio,"-73,308399","5,595235",BOYACÁOICATÁ,Origen Indigena,"Nombre muisca, terminación -ta"
257,15,BOYACÁ,15507,OTANCHE,Municipio,"-74,180965","5,657536",BOYACÁOTANCHE,Origen Indigena,Nombre indígena muzo-caribe
258,15,BOYACÁ,15511,PACHAVITA,Municipio,"-73,396953","5,140065",BOYACÁPACHAVITA,Origen Indigena,Nombre muisca
259,15,BOYACÁ,15514,PÁEZ,Municipio,"-73,052737","5,097319",BOYACÁPÁEZ,Origen por nombre de una persona,En honor a José Antonio Páez militar venezolano
260,15,BOYACÁ,15516,PAIPA,Municipio,"-73,11782","5,779894",BOYACÁPAIPA,Origen Indigena,Nombre muisca
261,15,BOYACÁ,15518,PAJARITO,Municipio,"-72,703231","5,293783",BOYACÁPAJARITO,Origen Natural,Derivado probablemente de “pájaro”; otras versiones indican posible origen indígena
262,15,BOYACÁ,15522,PANQUEBA,Municipio,"-72,459424","6,443416",BOYACÁPANQUEBA,Origen Indigena,"Nombre muisca, pueblo natal del maestro Luis A. Calvo"
263,15,BOYACÁ,15531,PAUNA,Municipio,"-73,978449","5,656323",BOYACÁPAUNA,Origen Indigena,"Nombre indígena, de etnia caribe muzo"
264,15,BOYACÁ,15533,PAYA,Municipio,"-72,423775","5,625699",BOYACÁPAYA,Origen Indigena,"Nombre muisca, población olvidada"
265,15,BOYACÁ,15537,PAZ DE RÍO,Municipio,"-72,749137","5,987645",BOYACÁPAZ DE RÍO,Origen Indigena,Nombre muisca
266,15,BOYACÁ,15542,PESCA,Municipio,"-73,050872","5,558808",BOYACÁPESCA,Origen Indigena,Nombre muisca
267,15,BOYACÁ,15550,PISBA,Municipio,"-72,486023","5,72141",BOYACÁPISBA,Origen Indigena,"Nombre muisca, nombre del páramo y del cacique de la zona"
268,15,BOYACÁ,15572,PUERTO BOYACÁ,Municipio,"-74,587782","5,976646",BOYACÁPUERTO BOYACÁ,Origen Natural,Por ubicación en el río Magdalena albergando puerto
269,15,BOYACÁ,15580,QUÍPAMA,Municipio,"-74,180033","5,52055",BOYACÁQUÍPAMA,Origen Indigena,Nombre indígena muzo; zona de explotación de esmeraldas
270,15,BOYACÁ,15599,RAMIRIQUÍ,Municipio,"-73,334839","5,400303",BOYACÁRAMIRIQUÍ,Origen Indigena,Del cacique Ramiriquí muisca
271,15,BOYACÁ,15600,RÁQUIRA,Municipio,"-73,632543","5,539136",BOYACÁRÁQUIRA,Origen Indigena,Nombre muisca: 'ciudad de las ollas'
272,15,BOYACÁ,15621,RONDÓN,Municipio,"-73,208474","5,357378",BOYACÁRONDÓN,Origen por nombre de una persona,En honor a Juan José Rondón prócer de independencia
273,15,BOYACÁ,15632,SABOYÁ,Municipio,"-73,764456","5,697756",BOYACÁSABOYÁ,Origen Indigena,Del lenguaje muisca
274,15,BOYACÁ,15638,SÁCHICA,Municipio,"-73,542539","5,584305",BOYACÁSÁCHICA,Origen Indigena,Por el cacique Sáchica que gobernaba la zona.
275,15,BOYACÁ,15646,SAMACÁ,Municipio,"-73,485589","5,492161",BOYACÁSAMACÁ,Origen Indigena,"Nombre muisca, terminación -cá (cercado)"
276,15,BOYACÁ,15660,SAN EDUARDO,Municipio,"-73,077747","5,22401",BOYACÁSAN EDUARDO,Origen Religioso,En honor a San Eduardo  
277,15,BOYACÁ,15664,SAN JOSÉ DE PARE,Municipio,"-73,545397","6,018924",BOYACÁSAN JOSÉ DE PARE,Origen Religioso,Patrocinado por San José  
278,15,BOYACÁ,15667,SAN LUIS DE GACENO,Municipio,"-73,168076","4,81976",BOYACÁSAN LUIS DE GACENO,Origen Religioso,En honor a San Luis Bertrán  
279,15,BOYACÁ,15673,SAN MATEO,Municipio,"-72,555264","6,401683",BOYACÁSAN MATEO,Origen Religioso,En honor a San Mateo  
280,15,BOYACÁ,15676,SAN MIGUEL DE SEMA,Municipio,"-73,722009","5,518083",BOYACÁSAN MIGUEL DE SEMA,Origen Religioso,En honor al Arcángel San Miguel  
281,15,BOYACÁ,15681,SAN PABLO DE BORBUR,Municipio,"-74,069963","5,650743",BOYACÁSAN PABLO DE BORBUR,Origen Religioso,En honor a San Pablo apóstol  
282,15,BOYACÁ,15686,SANTANA,Municipio,"-73,481639","6,056866",BOYACÁSANTANA,Origen Religioso,En honor a Santa Ana  madre de la Virgen María 
283,15,BOYACÁ,15690,SANTA MARÍA,Municipio,"-73,263518","4,857193",BOYACÁSANTA MARÍA,Origen Religioso,En honor a la Virgen María  
284,15,BOYACÁ,15693,SANTA ROSA DE VITERBO,Municipio,"-72,982461","5,874547",BOYACÁSANTA ROSA DE VITERBO,Origen Religioso,En honor a Santa Rosa de Viterbo  Italia 
285,15,BOYACÁ,15696,SANTA SOFÍA,Municipio,"-73,602707","5,713269",BOYACÁSANTA SOFÍA,Origen Religioso,Nombrado en honor a la esposa de Rafael Reyes y alude a santa Sofía  
286,15,BOYACÁ,15720,SATIVANORTE,Municipio,"-72,708458","6,131132",BOYACÁSATIVANORTE,Origen Indigena,"Nombre muisca, resultado de la reubicación del antiguo Sátiva"
287,15,BOYACÁ,15723,SATIVASUR,Municipio,"-72,712435","6,093183",BOYACÁSATIVASUR,Origen Indigena,"Nombre muisca, resultado de la reubicación del antiguo Sátiva"
288,15,BOYACÁ,15740,SIACHOQUE,Municipio,"-73,24466","5,511811",BOYACÁSIACHOQUE,Origen Indigena,Palabra muisca que significa “montaña elevada”.
289,15,BOYACÁ,15753,SOATÁ,Municipio,"-72,684051","6,331945",BOYACÁSOATÁ,Origen Indigena,"Nombre muisca, 'sol', terminación -ta"
290,15,BOYACÁ,15755,SOCOTÁ,Municipio,"-72,636653","6,041162",BOYACÁSOCOTÁ,Origen Indigena,"Nombre muisca, terminación -ta"
291,15,BOYACÁ,15757,SOCHA,Municipio,"-72,691963","5,996717",BOYACÁSOCHA,Origen Indigena,"Nombre muisca, localidad histórica"
292,15,BOYACÁ,15759,SOGAMOSO,Municipio,"-72,924355","5,723976",BOYACÁSOGAMOSO,Origen Indigena,"Del muisca, significa 'morada del sol'"
293,15,BOYACÁ,15761,SOMONDOCO,Municipio,"-73,433393","4,985726",BOYACÁSOMONDOCO,Origen Indigena,Nombre muisca; tierra de chicharrón de cuajada
294,15,BOYACÁ,15762,SORA,Municipio,"-73,450153","5,56684",BOYACÁSORA,Origen Indigena,"Nombre muisca, localidad boyacense"
295,15,BOYACÁ,15763,SOTAQUIRÁ,Municipio,"-73,246585","5,764986",BOYACÁSOTAQUIRÁ,Origen Indigena,"Nombre muisca, derivado de 'quira': poblado"
296,15,BOYACÁ,15764,SORACÁ,Municipio,"-73,332804","5,500898",BOYACÁSORACÁ,Origen Indigena,"Nombre muisca, población cercana a Tunja"
297,15,BOYACÁ,15774,SUSACÓN,Municipio,"-72,690289","6,230332",BOYACÁSUSACÓN,Origen Indigena,Nombre muisca
298,15,BOYACÁ,15776,SUTAMARCHÁN,Municipio,"-73,620536","5,619781",BOYACÁSUTAMARCHÁN,Origen Indigena,Nombre muisca
299,15,BOYACÁ,15778,SUTATENZA,Municipio,"-73,452317","5,022989",BOYACÁSUTATENZA,Origen Indigena,Nombre muisca
300,15,BOYACÁ,15790,TASCO,Municipio,"-72,781011","5,909821",BOYACÁTASCO,Origen Europeo,Por Tasco  México 
301,15,BOYACÁ,15798,TENZA,Municipio,"-73,421176","5,076781",BOYACÁTENZA,Origen Indigena,Por valle claro o lugar iluminado muisca
302,15,BOYACÁ,15804,TIBANÁ,Municipio,"-73,396457","5,317251",BOYACÁTIBANÁ,Origen Indigena,Nombre muisca de lugar sembrado.
303,15,BOYACÁ,15806,TIBASOSA,Municipio,"-72,999449","5,74723",BOYACÁTIBASOSA,Origen Indigena,Nombre muisca
304,15,BOYACÁ,15808,TINJACÁ,Municipio,"-73,646847","5,579713",BOYACÁTINJACÁ,Origen Indigena,Nombre muisca
305,15,BOYACÁ,15810,TIPACOQUE,Municipio,"-72,691729","6,419203",BOYACÁTIPACOQUE,Origen Indigena,Nombre muisca que significa “cercado alto”.
306,15,BOYACÁ,15814,TOCA,Municipio,"-73,184794","5,566464",BOYACÁTOCA,Origen Indigena,"Nombre muisca, con dos iglesias en su plaza"
307,15,BOYACÁ,15816,TOGÜÍ,Municipio,"-73,513655","5,937438",BOYACÁTOGÜÍ,Origen Indigena,Nombre muisca
308,15,BOYACÁ,15820,TÓPAGA,Municipio,"-72,832245","5,768201",BOYACÁTÓPAGA,Origen Indigena,Nombre muisca
309,15,BOYACÁ,15822,TOTA,Municipio,"-72,985898","5,560497",BOYACÁTOTA,Origen Indigena,"Nombre muisca, hace referencia a 'laguna'"
310,15,BOYACÁ,15832,TUNUNGUÁ,Municipio,"-73,933155","5,730582",BOYACÁTUNUNGUÁ,Origen Indigena,"Nombre indígena, relacionado con los muzo"
311,15,BOYACÁ,15835,TURMEQUÉ,Municipio,"-73,491825","5,323261",BOYACÁTURMEQUÉ,Origen Indigena,Nombre muisca
312,15,BOYACÁ,15837,TUTA,Municipio,"-73,230285","5,689082",BOYACÁTUTA,Origen Indigena,"Nombre muisca, localidad boyacense"
313,15,BOYACÁ,15839,TUTAZÁ,Municipio,"-72,856035","6,032608",BOYACÁTUTAZÁ,Origen Indigena,Palabra muisca que significa “lugar del cacique”.
314,15,BOYACÁ,15842,ÚMBITA,Municipio,"-73,456917","5,221176",BOYACÁÚMBITA,Origen Indigena,Nombre muisca
315,15,BOYACÁ,15861,VENTAQUEMADA,Municipio,"-73,522368","5,368739",BOYACÁVENTAQUEMADA,Origen Natural,Por un lugar donde se quemaba un antiguo paradero.
316,15,BOYACÁ,15879,VIRACACHÁ,Municipio,"-73,296894","5,436833",BOYACÁVIRACACHÁ,Origen Indigena,Del muisca “nuestra tierra fértil”.
317,15,BOYACÁ,15897,ZETAQUIRA,Municipio,"-73,17098","5,283443",BOYACÁZETAQUIRA,Origen Indigena,"Por cacique muisca ""Zetaqui"""
318,17,CALDAS,17001,MANIZALES,Municipio,"-75,491025","5,057657",CALDASMANIZALES,Origen Indigena,Del vocablo indígena con referencia a territorio habitado
319,17,CALDAS,17013,AGUADAS,Municipio,"-75,45487","5,610244",CALDASAGUADAS,Origen Natural,Por abundancia de agua
320,17,CALDAS,17042,ANSERMA,Municipio,"-75,784343","5,236471",CALDASANSERMA,Origen Indigena,"Nombre indígena, referencia a la sal como producto local"
321,17,CALDAS,17050,ARANZAZU,Municipio,"-75,49129","5,271195",CALDASARANZAZU,Origen por nombre de una persona,Por Juan de Dios Aranzazu gobernador
322,17,CALDAS,17088,BELALCÁZAR,Municipio,"-75,811918","4,993785",CALDASBELALCÁZAR,Origen por nombre de una persona,En honor a Sebastián de Belalcázar conquistador español
323,17,CALDAS,17174,CHINCHINÁ,Municipio,"-75,607529","4,985227",CALDASCHINCHINÁ,Origen Indigena,"Nombre indígena, posible referencia a una etnia local hoy extinta"
324,17,CALDAS,17272,FILADELFIA,Municipio,"-75,562474","5,297091",CALDASFILADELFIA,Origen Europeo,Por ciudad Filadelfia  Estados Unidos 
325,17,CALDAS,17380,LA DORADA,Municipio,"-74,668819","5,460834",CALDASLA DORADA,Origen Natural,Por el pez dorada del río Magdalena
326,17,CALDAS,17388,LA MERCED,Municipio,"-75,546486","5,39647",CALDASLA MERCED,Origen Religioso,En honor a la Virgen de las Mercedes  
327,17,CALDAS,17433,MANZANARES,Municipio,"-75,152829","5,255699",CALDASMANZANARES,Origen Europeo,Por Manzanares  España 
328,17,CALDAS,17442,MARMATO,Municipio,"-75,600049","5,47422",CALDASMARMATO,Origen Indigena,Por nombre indígena local
329,17,CALDAS,17444,MARQUETALIA,Municipio,"-75,053097","5,297525",CALDASMARQUETALIA,Origen Indigena,Nombre de la etnia indígena los marquetones
330,17,CALDAS,17446,MARULANDA,Municipio,"-75,259721","5,284304",CALDASMARULANDA,Origen por nombre de una persona,Por Cosme Marulanda general
331,17,CALDAS,17486,NEIRA,Municipio,"-75,520006","5,166895",CALDASNEIRA,Origen por nombre de una persona,Por Juan José Neira prócer de independencia
332,17,CALDAS,17495,NORCASIA,Municipio,"-74,889543","5,574796",CALDASNORCASIA,Otro Origen,Por “norte de Caldas” y “Asia”; contracción geográfica.
333,17,CALDAS,17513,PÁCORA,Municipio,"-75,459621","5,527172",CALDASPÁCORA,Origen Indigena,"Nombre indígena, recuerdo de los pacoras, de la etnia quimbaya"
334,17,CALDAS,17524,PALESTINA,Municipio,"-75,624577","5,017879",CALDASPALESTINA,Origen Europeo,En referencia a la región de Palestina  
335,17,CALDAS,17541,PENSILVANIA,Municipio,"-75,160299","5,383281",CALDASPENSILVANIA,Origen Europeo,Por estado de Pensilvania  Estados Unidos 
336,17,CALDAS,17614,RIOSUCIO,Municipio,"-75,702104","5,423673",CALDASRIOSUCIO,Origen Natural,Por la mezcla de varios ríos que forma el lugar.
337,17,CALDAS,17616,RISARALDA,Municipio,"-75,76722","5,164509",CALDASRISARALDA,Origen por nombre de una persona,En honor a Manuel José de Risaralda
338,17,CALDAS,17653,SALAMINA,Municipio,"-75,487223","5,403025",CALDASSALAMINA,Origen Europeo,Por isla/griega y batalla de Salamina (Grecia)  
339,17,CALDAS,17662,SAMANÁ,Municipio,"-74,992263","5,41308",CALDASSAMANÁ,Origen Indigena,Nombre indígena de la región
340,17,CALDAS,17665,SAN JOSÉ,Municipio,"-75,792063","5,08231",CALDASSAN JOSÉ,Origen Religioso,Patrocinado por San José  esposo de la Virgen María 
341,17,CALDAS,17777,SUPÍA,Municipio,"-75,64966","5,446843",CALDASSUPÍA,Origen Indigena,Etimología de etnia extinta llamada los sopias
342,17,CALDAS,17867,VICTORIA,Municipio,"-74,911239","5,317437",CALDASVICTORIA,Origen Indigena,"Nombre femenino español, municipio creado en tierras con asentamientos indígenas"
343,17,CALDAS,17873,VILLAMARÍA,Municipio,"-75,502487","5,038925",CALDASVILLAMARÍA,Origen Religioso,En honor a la Virgen María  
344,17,CALDAS,17877,VITERBO,Municipio,"-75,87061","5,062664",CALDASVITERBO,Origen Europeo,Por Viterbo  Italia y homenaje a delegado papal 
345,18,CAQUETÁ,18001,FLORENCIA,Municipio,"-75,609831","1,618196",CAQUETÁFLORENCIA,Origen Europeo,En honor a Florencia  Italia 
346,18,CAQUETÁ,18029,ALBANIA,Municipio,"-75,878375","1,328526",CAQUETÁALBANIA,0,
347,18,CAQUETÁ,18094,BELÉN DE LOS ANDAQUÍES,Municipio,"-75,872405","1,415812",CAQUETÁBELÉN DE LOS ANDAQUÍES,Origen Religioso,En honor a la ciudad bíblica Belén  
348,18,CAQUETÁ,18150,CARTAGENA DEL CHAIRÁ,Municipio,"-74,847867","1,332371",CAQUETÁCARTAGENA DEL CHAIRÁ,Origen Europeo,Evoca Cartagena de Indias y laguna Chairá  
349,18,CAQUETÁ,18205,CURILLO,Municipio,"-75,919205","1,033473",CAQUETÁCURILLO,Origen Indigena,Palabra indígena que significa “río de los curillos”.
350,18,CAQUETÁ,18247,EL DONCELLO,Municipio,"-75,283631","1,679951",CAQUETÁEL DONCELLO,Otro Origen,Por el apodo de un colono llamado “El Doncello”.
351,18,CAQUETÁ,18256,EL PAUJÍL,Municipio,"-75,326093","1,570226",CAQUETÁEL PAUJÍL,0,
352,18,CAQUETÁ,18410,LA MONTAÑITA,Municipio,"-75,436408","1,479173",CAQUETÁLA MONTAÑITA,Origen Natural,Por la cantidad de pequeñas montañas en la región.
353,18,CAQUETÁ,18460,MILÁN,Municipio,"-75,506926","1,29021",CAQUETÁMILÁN,Origen Europeo,Por la ciudad italiana de Milán
354,18,CAQUETÁ,18479,MORELIA,Municipio,"-75,724146","1,486611",CAQUETÁMORELIA,Origen Europeo,Por Morelia  México 
355,18,CAQUETÁ,18592,PUERTO RICO,Municipio,"-75,157604","1,909063",CAQUETÁPUERTO RICO,Origen Europeo,Por la isla de Puerto Rico (nombre traído por colonos)
356,18,CAQUETÁ,18610,SAN JOSÉ DEL FRAGUA,Municipio,"-75,973796","1,330266",CAQUETÁSAN JOSÉ DEL FRAGUA,Origen Religioso,Patrocinado por San José  
357,18,CAQUETÁ,18753,SAN VICENTE DEL CAGUÁN,Municipio,"-74,767894","2,119413",CAQUETÁSAN VICENTE DEL CAGUÁN,Origen Religioso,En honor a San Vicente Ferrer  
358,18,CAQUETÁ,18756,SOLANO,Municipio,"-75,253702","0,699077",CAQUETÁSOLANO,Origen por nombre de una persona,Por José Dolores Solano militar fundador
359,18,CAQUETÁ,18785,SOLITA,Municipio,"-75,619902","0,87654",CAQUETÁSOLITA,Origen Indigena,Nombre indígena local.
360,18,CAQUETÁ,18860,VALPARAÍSO,Municipio,"-75,70671","1,194619",CAQUETÁVALPARAÍSO,Origen Europeo,Por ciudad Valparaíso  Chile 
361,19,CAUCA,19001,POPAYÁN,Municipio,"-76,599377","2,459641",CAUCAPOPAYÁN,Origen Indigena,"Nombre de origen nasa-paez, significa ‘dos ríos’ o ‘viento’"
362,19,CAUCA,19022,ALMAGUER,Municipio,"-76,85607","1,913429",CAUCAALMAGUER,Origen Europeo,En homenaje a Corral de Almaguer  España 
363,19,CAUCA,19050,ARGELIA,Municipio,"-77,24905","2,257427",CAUCAARGELIA,Origen Europeo,Por Argelia  país del norte de África 
364,19,CAUCA,19075,BALBOA,Municipio,"-77,215773","2,040998",CAUCABALBOA,Origen por nombre de una persona,En honor a Vasco Núñez de Balboa descubridor del Pacífico
365,19,CAUCA,19100,BOLÍVAR,Municipio,"-76,966215","1,837538",CAUCABOLÍVAR,Origen por nombre de una persona,En honor a Simón Bolívar Libertador de Colombia.
366,19,CAUCA,19110,BUENOS AIRES,Municipio,"-76,642238","3,015382",CAUCABUENOS AIRES,Origen Natural,Por los vientos frescos y agradables del lugar.
367,19,CAUCA,19130,CAJIBÍO,Municipio,"-76,570682","2,623371",CAUCACAJIBÍO,Origen Indigena,Palabra indígena que significa “lugar donde se recoge agua en manos”.
368,19,CAUCA,19137,CALDONO,Municipio,"-76,484319","2,798059",CAUCACALDONO,Origen Indigena,Nombre tomado de la comunidad indígena Caldono.
369,19,CAUCA,19142,CALOTO,Municipio,"-76,408941","3,034531",CAUCACALOTO,Origen Indigena,Nombre del cacique indígena Caloto.
370,19,CAUCA,19212,CORINTO,Municipio,"-76,261866","3,173854",CAUCACORINTO,Origen Europeo,Por la ciudad griega de Corinto.
371,19,CAUCA,19256,EL TAMBO,Municipio,"-76,810911","2,451409",CAUCAEL TAMBO,Origen Indigena,Tambo significa “posada” en quechua; usado por indígenas y colonos.
372,19,CAUCA,19290,FLORENCIA,Municipio,"-77,072547","1,682535",CAUCAFLORENCIA,Origen Europeo,En honor a Florencia  Italia 
373,19,CAUCA,19300,GUACHENÉ,Municipio,"-76,392189","3,134153",CAUCAGUACHENÉ,Origen Indigena,Nombre del cacique indígena Guachené.
374,19,CAUCA,19318,GUAPI,Municipio,"-77,88797","2,571337",CAUCAGUAPI,Origen Indigena,Nombre indígena desvirtuado
375,19,CAUCA,19355,INZÁ,Municipio,"-76,063503","2,549183",CAUCAINZÁ,Origen Indigena,Por el cacique Inzá
376,19,CAUCA,19364,JAMBALÓ,Municipio,"-76,323877","2,777834",CAUCAJAMBALÓ,Origen Indigena,Nombre de origen nasa jefe paez de la región.
377,19,CAUCA,19392,LA SIERRA,Municipio,"-76,763278","2,179383",CAUCALA SIERRA,Origen Natural,Por su ubicación entre sierras o montañas.
378,19,CAUCA,19397,LA VEGA,Municipio,"-76,778771","2,001803",CAUCALA VEGA,Origen Natural,Por las vegas o zonas fértiles junto al río.
379,19,CAUCA,19418,LÓPEZ DE MICAY,Municipio,"-77,247803","2,846788",CAUCALÓPEZ DE MICAY,Origen Natural,Por el río Micay (planta homónima) y el presidente José Hilario López
380,19,CAUCA,19450,MERCADERES,Municipio,"-77,164319","1,789193",CAUCAMERCADERES,Otro Origen,Por ser punto de reunión tradicional de mercaderes y comerciantes. líder local.
381,19,CAUCA,19455,MIRANDA,Municipio,"-76,228722","3,254651",CAUCAMIRANDA,Origen por nombre de una persona,En honor a Francisco Miranda político venezolano
382,19,CAUCA,19473,MORALES,Municipio,"-76,629106","2,754684",CAUCAMORALES,Origen por nombre de una persona,Por sacerdote Luis Jerónimo Morales (fundador)
383,19,CAUCA,19513,PADILLA,Municipio,"-76,313265","3,220984",CAUCAPADILLA,Origen por nombre de una persona,Por José Prudencio Padilla almirante
384,19,CAUCA,19517,PÁEZ,Municipio,"-75,970685","2,645724",CAUCAPÁEZ,Origen Indigena,Por el pueblo indígena paez
385,19,CAUCA,19532,PATÍA,Municipio,"-76,981075","2,115875",CAUCAPATÍA,Origen Indigena,Por el río Patía
386,19,CAUCA,19533,PIAMONTE,Municipio,"-76,327588","1,11754",CAUCAPIAMONTE,Origen Europeo,Por Piamonte  Italia 
387,19,CAUCA,19548,PIENDAMÓ - TUNÍA,Municipio,"-76,528615","2,64228",CAUCAPIENDAMÓ - TUNÍA,Origen Indigena,Nombres de pueblos indígenas de la región.
388,19,CAUCA,19573,PUERTO TEJADA,Municipio,"-76,417673","3,233254",CAUCAPUERTO TEJADA,Origen por nombre de una persona,En honor a Juan Tejada
389,19,CAUCA,19585,PURACÉ,Municipio,"-76,496698","2,341507",CAUCAPURACÉ,Origen Indigena,"Nombre del volcán y parque nacional, de origen nasa-paez"
390,19,CAUCA,19622,ROSAS,Municipio,"-76,740336","2,260941",CAUCAROSAS,Origen por nombre de una persona,Por Avelino Rosas general y político
391,19,CAUCA,19693,SAN SEBASTIÁN,Municipio,"-76,769467","1,838451",CAUCASAN SEBASTIÁN,Origen Religioso,En honor a San Sebastián  
392,19,CAUCA,19698,SANTANDER DE QUILICHAO,Municipio,"-76,485141","3,015008",CAUCASANTANDER DE QUILICHAO,Origen Indigena,"El nombre 'Santander' es colonial, pero Quilichao es nombre indígena"
393,19,CAUCA,19701,SANTA ROSA,Municipio,"-76,573252","1,700916",CAUCASANTA ROSA,Origen Religioso,En honor a Santa Rosa de Lima  
394,19,CAUCA,19743,SILVIA,Municipio,"-76,379753","2,611927",CAUCASILVIA,Origen por nombre de una persona,Por una mujer de nombre Silvia (por iniciativa de un párroco)
395,19,CAUCA,19760,SOTARÁ - PAISPAMBA,Municipio,"-76,613365","2,253156",CAUCASOTARÁ - PAISPAMBA,Origen Indigena,Topónimo indígena vinculado a zonas cercanas.
396,19,CAUCA,19780,SUÁREZ,Municipio,"-76,69357","2,959785",CAUCASUÁREZ,Origen por nombre de una persona,Por Marco Fidel Suárez presidente
397,19,CAUCA,19785,SUCRE,Municipio,"-76,926279","2,038237",CAUCASUCRE,Origen por nombre de una persona,En honor a Antonio José de Sucre.
398,19,CAUCA,19807,TIMBÍO,Municipio,"-76,684476","2,349686",CAUCATIMBÍO,Origen Indigena,Nombre indígena nasa.
399,19,CAUCA,19809,TIMBIQUÍ,Municipio,"-77,667541","2,777312",CAUCATIMBIQUÍ,Origen Indigena,Nombre indígena.
400,19,CAUCA,19821,TORIBÍO,Municipio,"-76,270284","2,953017",CAUCATORIBÍO,Origen Indigena,Por la comunidad indígena Toribío.
401,19,CAUCA,19824,TOTORÓ,Municipio,"-76,403628","2,510252",CAUCATOTORÓ,Origen Indigena,Nombre de origen nasa-paez
402,19,CAUCA,19845,VILLA RICA,Municipio,"-76,458025","3,17762",CAUCAVILLA RICA,Otro Origen,Por “villa rica” en recursos
403,20,CESAR,20001,VALLEDUPAR,Municipio,"-73,259398","10,460472",CESARVALLEDUPAR,Origen Indigena,Derivado del cacique Upar
404,20,CESAR,20011,AGUACHICA,Municipio,"-73,614027","8,306811",CESARAGUACHICA,0,
405,20,CESAR,20013,AGUSTÍN CODAZZI,Municipio,"-73,238389","10,040454",CESARAGUSTÍN CODAZZI,Origen Europeo,Por Agustín Codazzi  geógrafo italiano 
406,20,CESAR,20032,ASTREA,Municipio,"-73,975842","9,498062",CESARASTREA,0,
407,20,CESAR,20045,BECERRIL,Municipio,"-73,278707","9,704404",CESARBECERRIL,Origen Europeo,Por Becerril de Campos  España 
408,20,CESAR,20060,BOSCONIA,Municipio,"-73,888761","9,975098",CESARBOSCONIA,Origen Religioso,En honor a San Juan Bosco  
409,20,CESAR,20175,CHIMICHAGUA,Municipio,"-73,813278","9,25875",CESARCHIMICHAGUA,Origen Indigena,Nombre indígena
410,20,CESAR,20178,CHIRIGUANÁ,Municipio,"-73,599913","9,361058",CESARCHIRIGUANÁ,Origen Indigena,Nombre indígena
411,20,CESAR,20228,CURUMANÍ,Municipio,"-73,540843","9,201716",CESARCURUMANÍ,Origen Indigena,Nombre indígena
412,20,CESAR,20238,EL COPEY,Municipio,"-73,962703","10,149883",CESAREL COPEY,Origen Indigena,Nombre del río Copey de raíz indígena.
413,20,CESAR,20250,EL PASO,Municipio,"-73,742012","9,668461",CESAREL PASO,Origen Natural,Por el paso o vado sobre el río Cesar.
414,20,CESAR,20295,GAMARRA,Municipio,"-73,737558","8,324793",CESARGAMARRA,Origen por nombre de una persona,Por Martín Gamarra comerciante local
415,20,CESAR,20310,GONZÁLEZ,Municipio,"-73,38004","8,389604",CESARGONZÁLEZ,Origen por nombre de una persona,Por familia González primeros pobladores
416,20,CESAR,20383,LA GLORIA,Municipio,"-73,80321","8,619298",CESARLA GLORIA,Origen Religioso,Por la devoción católica a la Virgen de La Gloria.
417,20,CESAR,20400,LA JAGUA DE IBIRICO,Municipio,"-73,334143","9,563752",CESARLA JAGUA DE IBIRICO,Origen Natural,Por el árbol jagua (Genipa americana) de origen taíno
418,20,CESAR,20443,MANAURE BALCÓN DEL CESAR,Municipio,"-73,029472","10,390776",CESARMANAURE BALCÓN DEL CESAR,Origen Indigena,"Manaure viene de un cacique indígena de la sierra; ""Balcón del Cesar"" por la vista sobre el valle."
419,20,CESAR,20517,PAILITAS,Municipio,"-73,625825","8,959399",CESARPAILITAS,Origen Indigena,Por la extensión de la sabana y raíces indígenas.
420,20,CESAR,20550,PELAYA,Municipio,"-73,666735","8,689451",CESARPELAYA,Origen Indigena,Nombre indígena del área de serranías y sabanas.
421,20,CESAR,20570,PUEBLO BELLO,Municipio,"-73,586211","10,417321",CESARPUEBLO BELLO,Origen Religioso,Por su agradable clima y paisaje.Por la Providencia divina protegida en la isla.
422,20,CESAR,20614,RÍO DE ORO,Municipio,"-73,386393","8,292292",CESARRÍO DE ORO,Origen Natural,Por hallazgos de oro en sus tierras y río.
423,20,CESAR,20621,LA PAZ,Municipio,"-73,171365","10,387552",CESARLA PAZ,Otro Origen,Por el deseo de paz entre antiguos colonos.
424,20,CESAR,20710,SAN ALBERTO,Municipio,"-73,393889","7,76111",CESARSAN ALBERTO,Origen Religioso,En honor a San Alberto  
425,20,CESAR,20750,SAN DIEGO,Municipio,"-73,181208","10,333039",CESARSAN DIEGO,Origen Religioso,En honor a San Diego  
426,20,CESAR,20770,SAN MARTÍN,Municipio,"-73,510914","7,999855",CESARSAN MARTÍN,Origen Religioso,En honor a San Martín de Tours  
427,20,CESAR,20787,TAMALAMEQUE,Municipio,"-73,812172","8,861725",CESARTAMALAMEQUE,Origen Indigena,Nombre indígena de líder indígena que se enfrentó a Jiménez de Quesada
428,23,CÓRDOBA,23001,MONTERÍA,Municipio,"-75,873096","8,759789",CÓRDOBAMONTERÍA,Origen Natural,Por las monterías o cacerías tradicionales en la zona.
429,23,CÓRDOBA,23068,AYAPEL,Municipio,"-75,146048","8,313838",CÓRDOBAAYAPEL,Origen Indigena,"Municipio de cultura panzenú, cuyo nombre proviene del cacique Yapé o Yapel"
430,23,CÓRDOBA,23079,BUENAVISTA,Municipio,"-75,480897","8,221187",CÓRDOBABUENAVISTA,Origen Natural,Por la excelente vista panorámica que ofrece la localidad.
431,23,CÓRDOBA,23090,CANALETE,Municipio,"-76,241476","8,786939",CÓRDOBACANALETE,Origen Natural,Por los caños o canales de agua que cruzan el territorio.
432,23,CÓRDOBA,23162,CERETÉ,Municipio,"-75,796093","8,888532",CÓRDOBACERETÉ,Origen Indigena,Nombre indígena referente a un lugar en la región
433,23,CÓRDOBA,23168,CHIMÁ,Municipio,"-75,626886","9,149698",CÓRDOBACHIMÁ,Origen Indigena,Nombre de un cacique local
434,23,CÓRDOBA,23182,CHINÚ,Municipio,"-75,399633","9,105473",CÓRDOBACHINÚ,Origen Indigena,"Nombre indígena, pueblo con cultura zenú"
435,23,CÓRDOBA,23189,CIÉNAGA DE ORO,Municipio,"-75,620807","8,875794",CÓRDOBACIÉNAGA DE ORO,Origen Natural,Laguna o ciénaga rica en oro según tradición local
436,23,CÓRDOBA,23300,COTORRA,Municipio,"-75,799216","9,037163",CÓRDOBACOTORRA,Origen Natural,Por la abundancia de cotorras en la región
437,23,CÓRDOBA,23350,LA APARTADA,Municipio,"-75,336031","8,050125",CÓRDOBALA APARTADA,Otro Origen,Por estar separado (apartado) de otros caseríos.
438,23,CÓRDOBA,23417,LORICA,Municipio,"-75,816084","9,240789",CÓRDOBALORICA,Origen Indigena,"Nombre de un cacique indígena, Orica"
439,23,CÓRDOBA,23419,LOS CÓRDOBAS,Municipio,"-76,35518","8,892098",CÓRDOBALOS CÓRDOBAS,Origen por nombre de una persona,En honor a los hermanos Córdoba
440,23,CÓRDOBA,23464,MOMIL,Municipio,"-75,67796","9,240707",CÓRDOBAMOMIL,Origen Indigena,Nombre indígena de la región con presencia ancestral
441,23,CÓRDOBA,23466,MONTELÍBANO,Municipio,"-75,416818","7,973777",CÓRDOBAMONTELÍBANO,Origen Europeo,En referencia al país Líbano  
442,23,CÓRDOBA,23500,MOÑITOS,Municipio,"-76,1291","9,245223",CÓRDOBAMOÑITOS,Otro Origen,Por las casas nativas con “moños” de palma en sus techos
443,23,CÓRDOBA,23555,PLANETA RICA,Municipio,"-75,583241","8,4082",CÓRDOBAPLANETA RICA,Otro Origen,Nombre puesto por su abundancia natural (“planeta rico”)
444,23,CÓRDOBA,23570,PUEBLO NUEVO,Municipio,"-75,508035","8,504099",CÓRDOBAPUEBLO NUEVO,Origen Natural,Por ser una población nueva respecto a asentamientos previos.
445,23,CÓRDOBA,23574,PUERTO ESCONDIDO,Municipio,"-76,260411","9,005372",CÓRDOBAPUERTO ESCONDIDO,Otro Origen,Por estar el puerto oculto o difícil de encontrar
446,23,CÓRDOBA,23580,PUERTO LIBERTADOR,Municipio,"-75,671761","7,888859",CÓRDOBAPUERTO LIBERTADOR,Origen Natural,Por ser un puerto en la zona de influencia del río Sinú.
447,23,CÓRDOBA,23586,PURÍSIMA DE LA CONCEPCIÓN,Municipio,"-75,724987","9,239295",CÓRDOBAPURÍSIMA DE LA CONCEPCIÓN,Origen Religioso,En honor a la Purísima Concepción.
448,23,CÓRDOBA,23660,SAHAGÚN,Municipio,"-75,445834","8,943048",CÓRDOBASAHAGÚN,Origen Europeo,Por Sahagún  España 
449,23,CÓRDOBA,23670,SAN ANDRÉS DE SOTAVENTO,Municipio,"-75,50879","9,145448",CÓRDOBASAN ANDRÉS DE SOTAVENTO,Origen Religioso,Patrocinado por San Andrés apóstol  
450,23,CÓRDOBA,23672,SAN ANTERO,Municipio,"-75,76112","9,376434",CÓRDOBASAN ANTERO,Origen Religioso,En honor a San Antero  
451,23,CÓRDOBA,23675,SAN BERNARDO DEL VIENTO,Municipio,"-75,955107","9,35247",CÓRDOBASAN BERNARDO DEL VIENTO,Origen Indigena,"Nombre descriptivo, 'viento', pero con posible origen indígena"
452,23,CÓRDOBA,23678,SAN CARLOS,Municipio,"-75,698799","8,799282",CÓRDOBASAN CARLOS,Origen Religioso,En honor a San Carlos Borromeo  
453,23,CÓRDOBA,23682,SAN JOSÉ DE URÉ,Municipio,"-75,533476","7,787303",CÓRDOBASAN JOSÉ DE URÉ,Origen Religioso,Patrocinado por San José  
454,23,CÓRDOBA,23686,SAN PELAYO,Municipio,"-75,835615","8,958436",CÓRDOBASAN PELAYO,Origen Religioso,En honor a San Pelayo  
455,23,CÓRDOBA,23807,TIERRALTA,Municipio,"-76,059797","8,170612",CÓRDOBATIERRALTA,Origen Natural,Por su ubicación en tierras altas o fértiles.
456,23,CÓRDOBA,23815,TUCHÍN,Municipio,"-75,553962","9,186625",CÓRDOBATUCHÍN,Origen Indigena,Nombre indígena asociado con sombrero vueltiao artesanal
457,23,CÓRDOBA,23855,VALENCIA,Municipio,"-76,150756","8,255016",CÓRDOBAVALENCIA,Origen Europeo,Inspirado por la canción sobre Valencia  España 
458,25,CUNDINAMARCA,25001,AGUA DE DIOS,Municipio,"-74,669221","4,375309",CUNDINAMARCAAGUA DE DIOS,0,
459,25,CUNDINAMARCA,25019,ALBÁN,Municipio,"-74,438261","4,878022",CUNDINAMARCAALBÁN,Origen por nombre de una persona,Por Carlos Albán general conservador
460,25,CUNDINAMARCA,25035,ANAPOIMA,Municipio,"-74,528676","4,562737",CUNDINAMARCAANAPOIMA,Origen Indigena,"Nombre panche, derivado del cacique Anapoima"
461,25,CUNDINAMARCA,25040,ANOLAIMA,Municipio,"-74,46384","4,7617",CUNDINAMARCAANOLAIMA,Origen Indigena,Nombre panche
462,25,CUNDINAMARCA,25053,ARBELÁEZ,Municipio,"-74,414901","4,272534",CUNDINAMARCAARBELÁEZ,Origen por nombre de una persona,Por Vicente Arbeláez Gómez sacerdote
463,25,CUNDINAMARCA,25086,BELTRÁN,Municipio,"-74,741666","4,802832",CUNDINAMARCABELTRÁN,Origen por nombre de una persona,Por Francisco Félix Beltrán encomendero
464,25,CUNDINAMARCA,25095,BITUIMA,Municipio,"-74,539609","4,872171",CUNDINAMARCABITUIMA,Origen Indigena,"Significa ""gran señora"" en lengua muisca."
465,25,CUNDINAMARCA,25099,BOJACÁ,Municipio,"-74,344594","4,737205",CUNDINAMARCABOJACÁ,Origen Indigena,"Nombre muisca, sitio donde Jiménez de Quesada ejecutó al zipa Sagipa"
466,25,CUNDINAMARCA,25120,CABRERA,Municipio,"-74,484549","3,985164",CUNDINAMARCACABRERA,Origen Indigena,"Nombre de origen español, territorio con presencia ancestral indígena"
467,25,CUNDINAMARCA,25123,CACHIPAY,Municipio,"-74,435711","4,730957",CUNDINAMARCACACHIPAY,Origen Indigena,Nombre panche
468,25,CUNDINAMARCA,25126,CAJICÁ,Municipio,"-74,02298","4,920009",CUNDINAMARCACAJICÁ,Origen Indigena,"Nombre muisca, hace referencia a una fortaleza rodeada de maderos y cañas entretejidas"
469,25,CUNDINAMARCA,25148,CAPARRAPÍ,Municipio,"-74,491045","5,34758",CUNDINAMARCACAPARRAPÍ,Origen Indigena,"Nombre indígena, pueblo caribeño, significado incierto"
470,25,CUNDINAMARCA,25151,CÁQUEZA,Municipio,"-73,946473","4,404112",CUNDINAMARCACÁQUEZA,Origen Indigena,"Nombre muisca, puede significar 'cercado', 'región sin bosque', o 'estado de paz, sin pelea'"
471,25,CUNDINAMARCA,25154,CARMEN DE CARUPA,Municipio,"-73,901357","5,349119",CUNDINAMARCACARMEN DE CARUPA,Origen Religioso,En honor a la Virgen del Carmen  
472,25,CUNDINAMARCA,25168,CHAGUANÍ,Municipio,"-74,593455","4,948916",CUNDINAMARCACHAGUANÍ,Origen Indigena,Nombre indígena colima; etnia caribe de la región
473,25,CUNDINAMARCA,25175,CHÍA,Municipio,"-74,05","4,866508",CUNDINAMARCACHÍA,Origen Indigena,Nombre muisca que significa 'luna'
474,25,CUNDINAMARCA,25178,CHIPAQUE,Municipio,"-74,044876","4,442671",CUNDINAMARCACHIPAQUE,Origen Indigena,Nombre muisca
475,25,CUNDINAMARCA,25181,CHOACHÍ,Municipio,"-73,922894","4,527048",CUNDINAMARCACHOACHÍ,Origen Indigena,"Nombre muisca, municipio de la provincia del Oriente"
476,25,CUNDINAMARCA,25183,CHOCONTÁ,Municipio,"-73,683533","5,145224",CUNDINAMARCACHOCONTÁ,Origen Indigena,"Nombre muisca; cercado, fortaleza"
477,25,CUNDINAMARCA,25200,COGUA,Municipio,"-73,978497","5,061842",CUNDINAMARCACOGUA,Origen Indigena,Nombre muisca
478,25,CUNDINAMARCA,25214,COTA,Municipio,"-74,102569","4,812564",CUNDINAMARCACOTA,Origen Indigena,"Nombre indígena muisca, que hace referencia a un asentamiento histórico"
479,25,CUNDINAMARCA,25224,CUCUNUBÁ,Municipio,"-73,766113","5,249795",CUNDINAMARCACUCUNUBÁ,Origen Indigena,"Nombre muisca, pueblo bien preservado cerca de Ubaté"
480,25,CUNDINAMARCA,25245,EL COLEGIO,Municipio,"-74,442261","4,577951",CUNDINAMARCAEL COLEGIO,Otro Origen,Por haber funcionado un colegio religioso en la zona.
481,25,CUNDINAMARCA,25258,EL PEÑÓN,Municipio,"-74,290207","5,248747",CUNDINAMARCAEL PEÑÓN,Origen Natural,Por peña o roca característica de la zona.
482,25,CUNDINAMARCA,25260,EL ROSAL,Municipio,"-74,263103","4,850589",CUNDINAMARCAEL ROSAL,Origen Natural,Por las rosas cultivadas en la región
483,25,CUNDINAMARCA,25269,FACATATIVÁ,Municipio,"-74,350085","4,813353",CUNDINAMARCAFACATATIVÁ,Origen Indigena,Nombre muisca; significa lugar de balsas o canoas
484,25,CUNDINAMARCA,25279,FÓMEQUE,Municipio,"-73,892523","4,485474",CUNDINAMARCAFÓMEQUE,Origen Indigena,"Del muisca, significa 'beso del colibrí'"
485,25,CUNDINAMARCA,25281,FOSCA,Municipio,"-73,93902","4,339093",CUNDINAMARCAFOSCA,Origen Indigena,Nombre muisca
486,25,CUNDINAMARCA,25286,FUNZA,Municipio,"-74,201528","4,710412",CUNDINAMARCAFUNZA,Origen Indigena,"Nombre muisca; asiento del zipa de Bacatá, origen de Bogotá"
487,25,CUNDINAMARCA,25288,FÚQUENE,Municipio,"-73,795855","5,403997",CUNDINAMARCAFÚQUENE,Origen Indigena,"Nombre muisca, zona lacustre famosa"
488,25,CUNDINAMARCA,25290,FUSAGASUGÁ,Municipio,"-74,37543","4,336723",CUNDINAMARCAFUSAGASUGÁ,Origen Indigena,"Nombre muisca, frontera entre muiscas y sutagaos"
489,25,CUNDINAMARCA,25293,GACHALÁ,Municipio,"-73,520161","4,693579",CUNDINAMARCAGACHALÁ,Origen Indigena,"Nombre muisca, en la vía a la provincia del Guavio"
490,25,CUNDINAMARCA,25295,GACHANCIPÁ,Municipio,"-73,873464","4,990947",CUNDINAMARCAGACHANCIPÁ,Origen Indigena,Palabra muisca que significa “cercado del señor de Gacha”.
491,25,CUNDINAMARCA,25297,GACHETÁ,Municipio,"-73,636377","4,816411",CUNDINAMARCAGACHETÁ,Origen Indigena,Nombre muisca
492,25,CUNDINAMARCA,25299,GAMA,Municipio,"-73,611037","4,763325",CUNDINAMARCAGAMA,Origen Indigena,"Nombre muisca, pueblo cerca de la provincia del Guavio"
493,25,CUNDINAMARCA,25307,GIRARDOT,Municipio,"-74,798201","4,313069",CUNDINAMARCAGIRARDOT,Origen por nombre de una persona,En honor al general Atanasio Girardot.
494,25,CUNDINAMARCA,25312,GRANADA,Municipio,"-74,350766","4,519763",CUNDINAMARCAGRANADA,Origen Europeo,En honor a Granada  España 
495,25,CUNDINAMARCA,25317,GUACHETÁ,Municipio,"-73,686972","5,383378",CUNDINAMARCAGUACHETÁ,Origen Indigena,Nombre muisca
496,25,CUNDINAMARCA,25320,GUADUAS,Municipio,"-74,603402","5,072076",CUNDINAMARCAGUADUAS,Origen Indigena,"Nombre muisca, localidad histórica"
497,25,CUNDINAMARCA,25322,GUASCA,Municipio,"-73,877143","4,866719",CUNDINAMARCAGUASCA,Origen Indigena,"Nombre muisca, hace referencia al lado oriental de la sabana"
498,25,CUNDINAMARCA,25324,GUATAQUÍ,Municipio,"-74,790058","4,517517",CUNDINAMARCAGUATAQUÍ,Origen Indigena,"Nombre muisca, municipio ribereño del Magdalena"
499,25,CUNDINAMARCA,25326,GUATAVITA,Municipio,"-73,83293","4,935211",CUNDINAMARCAGUATAVITA,Origen Indigena,Nombre muisca; laguna sagrada origen de la leyenda de El Dorado
500,25,CUNDINAMARCA,25328,GUAYABAL DE SÍQUIMA,Municipio,"-74,467437","4,877968",CUNDINAMARCAGUAYABAL DE SÍQUIMA,Origen Indigena,"Nombre panche, lengua indígena"
501,25,CUNDINAMARCA,25335,GUAYABETAL,Municipio,"-73,815107","4,215306",CUNDINAMARCAGUAYABETAL,Origen Natural,Por el árbol y bosques de guayaba
502,25,CUNDINAMARCA,25339,GUTIÉRREZ,Municipio,"-74,003042","4,254679",CUNDINAMARCAGUTIÉRREZ,Origen por nombre de una persona,Por Ignacio Gutiérrez Vergara fundador
503,25,CUNDINAMARCA,25368,JERUSALÉN,Municipio,"-74,695474","4,562273",CUNDINAMARCAJERUSALÉN,Origen Religioso,En honor a la ciudad bíblica Jerusalén  
504,25,CUNDINAMARCA,25372,JUNÍN,Municipio,"-73,662961","4,79057",CUNDINAMARCAJUNÍN,Origen Europeo,Por región/batalla Junín  Perú 
505,25,CUNDINAMARCA,25377,LA CALERA,Municipio,"-73,968161","4,721104",CUNDINAMARCALA CALERA,Origen Natural,Por la existencia de minas de cal en el área.
506,25,CUNDINAMARCA,25386,LA MESA,Municipio,"-74,461588","4,631028",CUNDINAMARCALA MESA,Origen Natural,Por su ubicación en una meseta.
507,25,CUNDINAMARCA,25394,LA PALMA,Municipio,"-74,391022","5,358816",CUNDINAMARCALA PALMA,Origen Natural,Por la abundancia de palmas en el territorio.
508,25,CUNDINAMARCA,25398,LA PEÑA,Municipio,"-74,394105","5,198945",CUNDINAMARCALA PEÑA,Origen Natural,Por encontrarse junto a una peña o roca prominente.
509,25,CUNDINAMARCA,25402,LA VEGA,Municipio,"-74,336885","4,997768",CUNDINAMARCALA VEGA,Origen Natural,Por las vegas o terrenos bajos y fértiles en su valle.
510,25,CUNDINAMARCA,25407,LENGUAZAQUE,Municipio,"-73,711512","5,306131",CUNDINAMARCALENGUAZAQUE,Origen Indigena,Del muisca: “límite de las tierras del Zaque”
511,25,CUNDINAMARCA,25426,MACHETÁ,Municipio,"-73,608226","5,08007",CUNDINAMARCAMACHETÁ,Origen Indigena,Nombre muisca
512,25,CUNDINAMARCA,25430,MADRID,Municipio,"-74,265854","4,732791",CUNDINAMARCAMADRID,Origen por nombre de una persona,Por Pedro Fernández Madrid
513,25,CUNDINAMARCA,25436,MANTA,Municipio,"-73,540444","5,009008",CUNDINAMARCAMANTA,Origen Indigena,Nombre muisca
514,25,CUNDINAMARCA,25438,MEDINA,Municipio,"-73,348449","4,506298",CUNDINAMARCAMEDINA,Origen Europeo,Probable referencia a Medina del Campo o Medina Sidonia  España 
515,25,CUNDINAMARCA,25473,MOSQUERA,Municipio,"-74,221154","4,70653",CUNDINAMARCAMOSQUERA,Origen Indigena,"Nombre colonial, no indígena"
516,25,CUNDINAMARCA,25483,NARIÑO,Municipio,"-74,824732","4,399837",CUNDINAMARCANARIÑO,Origen por nombre de una persona,Por Antonio Nariño
517,25,CUNDINAMARCA,25486,NEMOCÓN,Municipio,"-73,877888","5,068705",CUNDINAMARCANEMOCÓN,Origen Indigena,Significa “lamento del guerrero” en lengua muisca. fusionados en la época colonial.
518,25,CUNDINAMARCA,25488,NILO,Municipio,"-74,620009","4,305838",CUNDINAMARCANILO,Origen Europeo,Inspirado por el río Nilo  Egipto 
519,25,CUNDINAMARCA,25489,NIMAIMA,Municipio,"-74,38604","5,125992",CUNDINAMARCANIMAIMA,Origen Indigena,Nombre indígena panche
520,25,CUNDINAMARCA,25491,NOCAIMA,Municipio,"-74,379093","5,069466",CUNDINAMARCANOCAIMA,Origen Indigena,Nombre muisca que significa “lugar de descanso del cacique”.
521,25,CUNDINAMARCA,25506,VENECIA,Municipio,"-74,478301","4,089056",CUNDINAMARCAVENECIA,Origen Europeo,Nombrado por la ciudad de Venecia  Italia 
522,25,CUNDINAMARCA,25513,PACHO,Municipio,"-74,156132","5,136907",CUNDINAMARCAPACHO,Origen Indigena,"Nombre muisca, significa 'padre bueno'"
523,25,CUNDINAMARCA,25518,PAIME,Municipio,"-74,152213","5,370487",CUNDINAMARCAPAIME,Origen Indigena,Nombre chibcha que hace referencia a “el cerro o lugar alto”.
524,25,CUNDINAMARCA,25524,PANDI,Municipio,"-74,486641","4,190393",CUNDINAMARCAPANDI,Origen Indigena,Nombre de origen muisca con referencia geográfica local.
525,25,CUNDINAMARCA,25530,PARATEBUENO,Municipio,"-73,212825","4,374832",CUNDINAMARCAPARATEBUENO,Otro Origen,"Origen anecdótico: nombre de finca donde ""paraba bueno” (se podía parar a descansar)"
526,25,CUNDINAMARCA,25535,PASCA,Municipio,"-74,302276","4,308979",CUNDINAMARCAPASCA,Origen Indigena,"Nombre muisca, zona de la balsa muisca"
527,25,CUNDINAMARCA,25572,PUERTO SALGAR,Municipio,"-74,653695","5,465413",CUNDINAMARCAPUERTO SALGAR,Origen por nombre de una persona,En honor a Enrique Salgar
528,25,CUNDINAMARCA,25580,PULÍ,Municipio,"-74,71438","4,682022",CUNDINAMARCAPULÍ,Origen Indigena,Nombre panche
529,25,CUNDINAMARCA,25592,QUEBRADANEGRA,Municipio,"-74,48014","5,118076",CUNDINAMARCAQUEBRADANEGRA,Origen Natural,Por la presencia de una quebrada de aguas oscuras.
530,25,CUNDINAMARCA,25594,QUETAME,Municipio,"-73,863214","4,329884",CUNDINAMARCAQUETAME,Origen Indigena,Nombre muisca
531,25,CUNDINAMARCA,25596,QUIPILE,Municipio,"-74,533705","4,74481",CUNDINAMARCAQUIPILE,Origen Indigena,Nombre panche
532,25,CUNDINAMARCA,25599,APULO,Municipio,"-74,593926","4,520304",CUNDINAMARCAAPULO,Origen Indigena,"Nombre de origen incierto, pequeño caserío cerca del río Bogotá"
533,25,CUNDINAMARCA,25612,RICAURTE,Municipio,"-74,772861","4,282113",CUNDINAMARCARICAURTE,Origen por nombre de una persona,En honor a Antonio Ricaurte
534,25,CUNDINAMARCA,25645,SAN ANTONIO DEL TEQUENDAMA,Municipio,"-74,351443","4,616138",CUNDINAMARCASAN ANTONIO DEL TEQUENDAMA,Origen Religioso,Por San Antonio y el Tequendama santo patrono.
535,25,CUNDINAMARCA,25649,SAN BERNARDO,Municipio,"-74,42296","4,179433",CUNDINAMARCASAN BERNARDO,Origen Religioso,Por San Bernardo santo cristiano.
536,25,CUNDINAMARCA,25653,SAN CAYETANO,Municipio,"-74,024754","5,332938",CUNDINAMARCASAN CAYETANO,Origen Religioso,En honor a San Cayetano  
537,25,CUNDINAMARCA,25658,SAN FRANCISCO,Municipio,"-74,289672","4,972917",CUNDINAMARCASAN FRANCISCO,Origen Religioso,En honor a San Francisco de Asís  
538,25,CUNDINAMARCA,25662,SAN JUAN DE RIOSECO,Municipio,"-74,621919","4,847575",CUNDINAMARCASAN JUAN DE RIOSECO,Origen Religioso,En honor a San Juan  
539,25,CUNDINAMARCA,25718,SASAIMA,Municipio,"-74,432628","4,962167",CUNDINAMARCASASAIMA,Origen Indigena,Nombre panche
540,25,CUNDINAMARCA,25736,SESQUILÉ,Municipio,"-73,796099","5,04476",CUNDINAMARCASESQUILÉ,Origen Indigena,"Nombre muisca, vecino de la laguna de Guatavita"
541,25,CUNDINAMARCA,25740,SIBATÉ,Municipio,"-74,257874","4,492625",CUNDINAMARCASIBATÉ,Origen Indigena,Nombre muisca
542,25,CUNDINAMARCA,25743,SILVANIA,Municipio,"-74,405534","4,381981",CUNDINAMARCASILVANIA,Origen Indigena,Nombre moderno derivado de 'silva' (bosque); pocas raíces indígenas
543,25,CUNDINAMARCA,25745,SIMIJACA,Municipio,"-73,850703","5,505231",CUNDINAMARCASIMIJACA,Origen Indigena,"Nombre muisca, significa 'pico de lechuza'"
544,25,CUNDINAMARCA,25754,SOACHA,Municipio,"-74,215463","4,579268",CUNDINAMARCASOACHA,Origen Indigena,Nombre muisca que significa 'hombre del sol'
545,25,CUNDINAMARCA,25758,SOPÓ,Municipio,"-73,943328","4,915395",CUNDINAMARCASOPÓ,Origen Indigena,Nombre muisca
546,25,CUNDINAMARCA,25769,SUBACHOQUE,Municipio,"-74,172773","4,929118",CUNDINAMARCASUBACHOQUE,Origen Indigena,Nombre muisca
547,25,CUNDINAMARCA,25772,SUESCA,Municipio,"-73,798227","5,103495",CUNDINAMARCASUESCA,Origen Indigena,"Nombre muisca, referente a los peñascos de escalada"
548,25,CUNDINAMARCA,25777,SUPATÁ,Municipio,"-74,235403","5,06162",CUNDINAMARCASUPATÁ,Origen Indigena,Nombre muisca
549,25,CUNDINAMARCA,25779,SUSA,Municipio,"-73,813938","5,455291",CUNDINAMARCASUSA,Origen Indigena,Nombre muisca
550,25,CUNDINAMARCA,25781,SUTATAUSA,Municipio,"-73,853159","5,247482",CUNDINAMARCASUTATAUSA,Origen Indigena,Nombre muisca
551,25,CUNDINAMARCA,25785,TABIO,Municipio,"-74,096461","4,916832",CUNDINAMARCATABIO,Origen Indigena,Nombre muisca
552,25,CUNDINAMARCA,25793,TAUSA,Municipio,"-73,887813","5,196333",CUNDINAMARCATAUSA,Origen Indigena,Nombre muisca que significa “piedra grande”.
553,25,CUNDINAMARCA,25797,TENA,Municipio,"-74,389193","4,655286",CUNDINAMARCATENA,Origen Indigena,"Nombre muisca, al sur de la sabana de Bogotá"
554,25,CUNDINAMARCA,25799,TENJO,Municipio,"-74,143724","4,872014",CUNDINAMARCATENJO,Origen Indigena,Nombre muisca
555,25,CUNDINAMARCA,25805,TIBACUY,Municipio,"-74,452662","4,348605",CUNDINAMARCATIBACUY,Origen Indigena,Nombre muisca
556,25,CUNDINAMARCA,25807,TIBIRITA,Municipio,"-73,504514","5,052278",CUNDINAMARCATIBIRITA,Origen Indigena,Nombre muisca
557,25,CUNDINAMARCA,25815,TOCAIMA,Municipio,"-74,636296","4,459279",CUNDINAMARCATOCAIMA,Origen Indigena,Por el cacique indígena Tocaima
558,25,CUNDINAMARCA,25817,TOCANCIPÁ,Municipio,"-73,91207","4,964641",CUNDINAMARCATOCANCIPÁ,Origen Indigena,Nombre muisca
559,25,CUNDINAMARCA,25823,TOPAIPÍ,Municipio,"-74,300626","5,336224",CUNDINAMARCATOPAIPÍ,Origen Indigena,Nombre indígena muzo-caribe
560,25,CUNDINAMARCA,25839,UBALÁ,Municipio,"-73,531489","4,74762",CUNDINAMARCAUBALÁ,Origen Indigena,Nombre muisca
561,25,CUNDINAMARCA,25841,UBAQUE,Municipio,"-73,933477","4,483788",CUNDINAMARCAUBAQUE,Origen Indigena,Nombre muisca
562,25,CUNDINAMARCA,25843,VILLA DE SAN DIEGO DE UBATÉ,Municipio,"-73,814367","5,307463",CUNDINAMARCAVILLA DE SAN DIEGO DE UBATÉ,Origen Religioso,En honor a San Diego y topónimos locales.
563,25,CUNDINAMARCA,25845,UNE,Municipio,"-74,025183","4,40245",CUNDINAMARCAUNE,Origen Indigena,Nombre muisca
564,25,CUNDINAMARCA,25851,ÚTICA,Municipio,"-74,483154","5,19055",CUNDINAMARCAÚTICA,Origen Europeo,Por ciudad romana Utica en actual Túnez  
565,25,CUNDINAMARCA,25862,VERGARA,Municipio,"-74,346163","5,117258",CUNDINAMARCAVERGARA,Origen por nombre de una persona,Por hacienda llamada Vergara posible propietario
566,25,CUNDINAMARCA,25867,VIANÍ,Municipio,"-74,56132","4,875208",CUNDINAMARCAVIANÍ,Origen Indigena,"Nombre indígena, significado desvirtuado"
567,25,CUNDINAMARCA,25871,VILLAGÓMEZ,Municipio,"-74,195145","5,273024",CUNDINAMARCAVILLAGÓMEZ,Origen por nombre de una persona,Por el apellido Gómez.
568,25,CUNDINAMARCA,25873,VILLAPINZÓN,Municipio,"-73,595704","5,216393",CUNDINAMARCAVILLAPINZÓN,Origen por nombre de una persona,En honor a José Antonio Pinzón.
569,25,CUNDINAMARCA,25875,VILLETA,Municipio,"-74,469686","5,012754",CUNDINAMARCAVILLETA,Origen Indigena,Nombre muisca que significa “tierra de cultivo”.
570,25,CUNDINAMARCA,25878,VIOTÁ,Municipio,"-74,523131","4,43935",CUNDINAMARCAVIOTÁ,Origen Indigena,"Nombre muisca, terminación -ta común ('lugar' o 'sitio')"
571,25,CUNDINAMARCA,25885,YACOPÍ,Municipio,"-74,33806","5,459272",CUNDINAMARCAYACOPÍ,Origen Indigena,"Nombre indígena muzo, posible raíz caribe"
572,25,CUNDINAMARCA,25898,ZIPACÓN,Municipio,"-74,379566","4,759932",CUNDINAMARCAZIPACÓN,Origen Indigena,Nombre muisca: 'lugar del zipa'
573,25,CUNDINAMARCA,25899,ZIPAQUIRÁ,Municipio,"-73,994444","5,025477",CUNDINAMARCAZIPAQUIRÁ,Origen Indigena,"Nombre muisca: 'ciudad del zipa', origen de la sal"
574,27,CHOCÓ,27001,QUIBDÓ,Municipio,"-76,638144","5,682166",CHOCÓQUIBDÓ,Origen Indigena,"Nombre indígena embera, aunque significado desvirtuado"
575,27,CHOCÓ,27006,ACANDÍ,Municipio,"-77,279951","8,512178",CHOCÓACANDÍ,Origen Indigena,"Nombre indígena; pueblo ubicado en el extremo norte del Pacífico colombiano, cercano a Panamá"
576,27,CHOCÓ,27025,ALTO BAUDÓ,Municipio,"-76,974373","5,516221",CHOCÓALTO BAUDÓ,0,
577,27,CHOCÓ,27050,ATRATO,Municipio,"-76,635674","5,531419",CHOCÓATRATO,Origen Natural,Nombrado por el río Atrato que cruza el municipio.
578,27,CHOCÓ,27073,BAGADÓ,Municipio,"-76,416063","5,409681",CHOCÓBAGADÓ,Origen Indigena,Nombre indígena sin dato exacto
579,27,CHOCÓ,27075,BAHÍA SOLANO,Municipio,"-77,401359","6,222807",CHOCÓBAHÍA SOLANO,Origen por nombre de una persona,Por José Celestino Mutis médico y botánico
580,27,CHOCÓ,27077,BAJO BAUDÓ,Municipio,"-77,365717","4,954576",CHOCÓBAJO BAUDÓ,Origen Natural,Por el río Baudó y la geografía local
581,27,CHOCÓ,27099,BOJAYÁ,Municipio,"-76,886773","6,559708",CHOCÓBOJAYÁ,Origen Indigena,Nombre de raíz no precisada relacionado con grupos indígenas locales.
582,27,CHOCÓ,27135,EL CANTÓN DEL SAN PABLO,Municipio,"-76,726844","5,335321",CHOCÓEL CANTÓN DEL SAN PABLO,Origen Natural,En referencia al río San Pablo y un antiguo cantón militar.
583,27,CHOCÓ,27150,CARMEN DEL DARIÉN,Municipio,"-76,970798","7,158294",CHOCÓCARMEN DEL DARIÉN,Origen Religioso,En honor a la Virgen del Carmen  
584,27,CHOCÓ,27160,CÉRTEGUI,Municipio,"-76,607619","5,371373",CHOCÓCÉRTEGUI,Origen Indigena,Nombre de un cacique indígena local.
585,27,CHOCÓ,27205,CONDOTO,Municipio,"-76,650683","5,091003",CHOCÓCONDOTO,Origen Indigena,Nombre del río Condoto voz indígena.
586,27,CHOCÓ,27245,EL CARMEN DE ATRATO,Municipio,"-76,142112","5,899789",CHOCÓEL CARMEN DE ATRATO,Origen Natural,Por la Virgen del Carmen y el río Atrato.
587,27,CHOCÓ,27250,EL LITORAL DEL SAN JUAN,Municipio,"-77,363702","4,259564",CHOCÓEL LITORAL DEL SAN JUAN,Origen Natural,Por estar a orillas del río San Juan.
588,27,CHOCÓ,27361,ISTMINA,Municipio,"-76,68518","5,153946",CHOCÓISTMINA,Origen Natural,Por estar en el istmo que conecta regiones
589,27,CHOCÓ,27372,JURADÓ,Municipio,"-77,762751","7,103619",CHOCÓJURADÓ,Origen Indigena,Topónimo indígena sin significado preciso documentado.
590,27,CHOCÓ,27413,LLORÓ,Municipio,"-76,545147","5,49789",CHOCÓLLORÓ,Origen Indigena,Nombre indígena del municipio ubicado en la confluencia de los ríos Atrato y Andágueda
591,27,CHOCÓ,27425,MEDIO ATRATO,Municipio,"-76,783042","5,994935",CHOCÓMEDIO ATRATO,Origen Natural,Por su ubicación en la zona media del río Atrato.
592,27,CHOCÓ,27430,MEDIO BAUDÓ,Municipio,"-76,950891","5,192471",CHOCÓMEDIO BAUDÓ,Origen Natural,Por estar en la parte media del río Baudó.
593,27,CHOCÓ,27450,MEDIO SAN JUAN,Municipio,"-76,694409","5,098291",CHOCÓMEDIO SAN JUAN,Origen Natural,Por territorio en la región media del río San Juan.
594,27,CHOCÓ,27491,NÓVITA,Municipio,"-76,609467","4,956063",CHOCÓNÓVITA,Otro Origen,"Por las ""novedades"" o el descubrimiento de oro en la zona colonial."
595,27,CHOCÓ,27493,NUEVO BELÉN DE BAJIRÁ,Municipio,"-76,71727","7,3719",CHOCÓNUEVO BELÉN DE BAJIRÁ,Otro Origen,Belén de simbolismo bíblico
596,27,CHOCÓ,27495,NUQUÍ,Municipio,"-77,265507","5,709812",CHOCÓNUQUÍ,Origen Indigena,"En lengua indígena significa “río de los micos”. ""Bajirá"" por río indígena."
597,27,CHOCÓ,27580,RÍO IRÓ,Municipio,"-76,472925","5,1863",CHOCÓRÍO IRÓ,Origen Natural,Nombre del río Iró
598,27,CHOCÓ,27600,RÍO QUITO,Municipio,"-76,740684","5,483667",CHOCÓRÍO QUITO,Origen Natural,Por el río Quito que cruza el municipio. fundamental para la zona.
599,27,CHOCÓ,27615,RIOSUCIO,Municipio,"-77,113156","7,436704",CHOCÓRIOSUCIO,Origen Natural,Por ríos turbulentos en la región.
600,27,CHOCÓ,27660,SAN JOSÉ DEL PALMAR,Municipio,"-76,234227","4,896954",CHOCÓSAN JOSÉ DEL PALMAR,Origen Religioso,Patrocinado por San José  
601,27,CHOCÓ,27745,SIPÍ,Municipio,"-76,643453","4,65262",CHOCÓSIPÍ,Origen Indigena,"Pueblo minero sobre el río Sipí, afluente del río San Juan, nombre indígena que se desconoce"
602,27,CHOCÓ,27787,TADÓ,Municipio,"-76,558571","5,264873",CHOCÓTADÓ,Origen Indigena,Nombre de origen indígena local.
603,27,CHOCÓ,27800,UNGUÍA,Municipio,"-77,092538","8,04406",CHOCÓUNGUÍA,Origen Indigena,Nombre indígena del Pacífico colombiano
604,27,CHOCÓ,27810,UNIÓN PANAMERICANA,Municipio,"-76,630143","5,281108",CHOCÓUNIÓN PANAMERICANA,Otro Origen,Denominación política.
605,41,HUILA,41001,NEIVA,Municipio,"-75,277327","2,935432",HUILANEIVA,Origen Indigena,"Nombre histórico, posible origen importado"
606,41,HUILA,41006,ACEVEDO,Municipio,"-75,888706","1,805173",HUILAACEVEDO,Origen por nombre de una persona,Por José Acevedo y Gómez prócer de independencia
607,41,HUILA,41013,AGRADO,Municipio,"-75,772022","2,25987",HUILAAGRADO,0,
608,41,HUILA,41016,AIPE,Municipio,"-75,239017","3,223996",HUILAAIPE,0,
609,41,HUILA,41020,ALGECIRAS,Municipio,"-75,315389","2,521674",HUILAALGECIRAS,Origen Europeo,En homenaje a Algeciras  España 
610,41,HUILA,41026,ALTAMIRA,Municipio,"-75,788471","2,063841",HUILAALTAMIRA,Origen por nombre de una persona,Por hermanos Altamira colonos
611,41,HUILA,41078,BARAYA,Municipio,"-75,054843","3,152204",HUILABARAYA,Origen por nombre de una persona,En honor a Antonio Baraya general independentista
612,41,HUILA,41132,CAMPOALEGRE,Municipio,"-75,325748","2,686767",HUILACAMPOALEGRE,Otro Origen,Por la alegría del lugar
613,41,HUILA,41206,COLOMBIA,Municipio,"-74,802815","3,376745",HUILACOLOMBIA,Origen Europeo,Por Cristóforo Colombo (Colón)  Italia 
614,41,HUILA,41244,ELÍAS,Municipio,"-75,938301","2,012854",HUILAELÍAS,Origen por nombre de una persona,Por sacerdote Manuel Elías Carvajal
615,41,HUILA,41298,GARZÓN,Municipio,"-75,627057","2,196493",HUILAGARZÓN,Origen Indigena,Nombre con raíz indígena
616,41,HUILA,41306,GIGANTE,Municipio,"-75,547681","2,384031",HUILAGIGANTE,Origen Natural,"Nombrado por una roca de gran tamaño llamada ""La Piedra del Gigante""."
617,41,HUILA,41319,GUADALUPE,Municipio,"-75,757185","2,02426",HUILAGUADALUPE,Origen Religioso,En honor a la Virgen de Guadalupe  
618,41,HUILA,41349,HOBO,Municipio,"-75,447697","2,580812",HUILAHOBO,Origen Natural,Por el árbol hobo (Spondias mombin)
619,41,HUILA,41357,ÍQUIRA,Municipio,"-75,634497","2,649359",HUILAÍQUIRA,Origen Indigena,Nombre indígena
620,41,HUILA,41359,ISNOS,Municipio,"-76,217637","1,929467",HUILAISNOS,Origen Indigena,Nombre indígena
621,41,HUILA,41378,LA ARGENTINA,Municipio,"-75,979763","2,198496",HUILALA ARGENTINA,Origen Europeo,En referencia al país Argentina  
622,41,HUILA,41396,LA PLATA,Municipio,"-75,891254","2,389263",HUILALA PLATA,Origen Natural,Por los hallazgos de plata en los alrededores al momento de la conquista.
623,41,HUILA,41483,NÁTAGA,Municipio,"-75,808756","2,5451",HUILANÁTAGA,Origen Religioso,En honor a la Virgen de las Mercedes  
624,41,HUILA,41503,OPORAPA,Municipio,"-75,995165","2,025088",HUILAOPORAPA,Origen Indigena,Nombre indígena
625,41,HUILA,41518,PAICOL,Municipio,"-75,773158","2,449651",HUILAPAICOL,Origen Indigena,Del nombre de una comunidad indígena local.
626,41,HUILA,41524,PALERMO,Municipio,"-75,435296","2,889649",HUILAPALERMO,Origen Europeo,Por Palermo  Sicilia Italia 
627,41,HUILA,41530,PALESTINA,Municipio,"-76,133251","1,723725",HUILAPALESTINA,Origen Europeo,En referencia a la región de Palestina  
628,41,HUILA,41548,PITAL,Municipio,"-75,804544","2,266618",HUILAPITAL,Origen Natural,Por plantas de pita o fique abundantes en la zona.
629,41,HUILA,41551,PITALITO,Municipio,"-76,049441","1,852631",HUILAPITALITO,Origen Indigena,Nombre indígena de palma amazónica
630,41,HUILA,41615,RIVERA,Municipio,"-75,258753","2,777586",HUILARIVERA,Origen por nombre de una persona,Por José Eustasio Rivera poeta y novelista
631,41,HUILA,41660,SALADOBLANCO,Municipio,"-76,044747","1,9934",HUILASALADOBLANCO,Origen Natural,Por la presencia de fuentes de agua salada clara (sal blanca)
632,41,HUILA,41668,SAN AGUSTÍN,Municipio,"-76,27036","1,881081",HUILASAN AGUSTÍN,Origen Religioso,En honor de San Agustín  
633,41,HUILA,41676,SANTA MARÍA,Municipio,"-75,586223","2,939603",HUILASANTA MARÍA,Origen Religioso,En honor a la Virgen María  
634,41,HUILA,41770,SUAZA,Municipio,"-75,79525","1,976051",HUILASUAZA,Origen Indigena,Nombre que significa 'río de la tierra pequeña' en lengua local
635,41,HUILA,41791,TARQUI,Municipio,"-75,823976","2,111325",HUILATARQUI,Origen Indigena,Por grupo indígena local.
636,41,HUILA,41797,TESALIA,Municipio,"-75,730271","2,486364",HUILATESALIA,Origen Europeo,Por Tesalia  Grecia 
637,41,HUILA,41799,TELLO,Municipio,"-75,138773","3,067538",HUILATELLO,Origen por nombre de una persona,Por José María Tello Salas coronel y héroe de Ayacucho
638,41,HUILA,41801,TERUEL,Municipio,"-75,567034","2,740968",HUILATERUEL,Origen Europeo,En homenaje a Teruel  Aragón España 
639,41,HUILA,41807,TIMANÁ,Municipio,"-75,932167","1,974539",HUILATIMANÁ,Origen Indigena,Nombre indígena que significa 'caliente' o 'caluroso'
640,41,HUILA,41872,VILLAVIEJA,Municipio,"-75,217174","3,218822",HUILAVILLAVIEJA,Origen Indigena,Por pueblo indígena precolombino
641,41,HUILA,41885,YAGUARÁ,Municipio,"-75,518023","2,664694",HUILAYAGUARÁ,Origen Indigena,Por la tribu indígena yaguar.
642,44,LA GUAJIRA,44001,RIOHACHA,Municipio,"-72,911795","11,528588",LA GUAJIRARIOHACHA,Origen Natural,Por el provocativo “riohacha” o rio con desembocadura ancha.
643,44,LA GUAJIRA,44035,ALBANIA,Municipio,"-72,61232","11,151628",LA GUAJIRAALBANIA,Origen Europeo,Por Albania en Europa
644,44,LA GUAJIRA,44078,BARRANCAS,Municipio,"-72,793639","10,958669",LA GUAJIRABARRANCAS,Origen Natural,Llamado así por las barrancas a orillas del río Ranchería.
645,44,LA GUAJIRA,44090,DIBULLA,Municipio,"-73,307598","11,27155",LA GUAJIRADIBULLA,Origen Indigena,Nombre derivado de la comunidad indígena dibulla.
646,44,LA GUAJIRA,44098,DISTRACCIÓN,Municipio,"-72,887405","10,898414",LA GUAJIRADISTRACCIÓN,Otro Origen,"Por el nombre de la finca ""La Distracción"""
647,44,LA GUAJIRA,44110,EL MOLINO,Municipio,"-72,92673","10,653505",LA GUAJIRAEL MOLINO,Origen Natural,Por un molino usado en la antigua hacienda local.
648,44,LA GUAJIRA,44279,FONSECA,Municipio,"-72,846319","10,886734",LA GUAJIRAFONSECA,Origen Indigena,Nombre colonial en zona indígena wayúu
649,44,LA GUAJIRA,44378,HATONUEVO,Municipio,"-72,75904","11,068864",LA GUAJIRAHATONUEVO,Origen Natural,"Por ser un asentamiento de ganado (""hato"") nuevo en la zona."
650,44,LA GUAJIRA,44420,LA JAGUA DEL PILAR,Municipio,"-73,072638","10,511862",LA GUAJIRALA JAGUA DEL PILAR,Origen Religioso,En honor a la Virgen del Pilar  
651,44,LA GUAJIRA,44430,MAICAO,Municipio,"-72,242738","11,378535",LA GUAJIRAMAICAO,Origen Indigena,"Significa ""tierra de muchas aguas"" en wayuunaiki. probablemente de habla awá."
652,44,LA GUAJIRA,44560,MANAURE,Municipio,"-72,438739","11,773767",LA GUAJIRAMANAURE,Origen Indigena,Por el cacique indígena Manaure
653,44,LA GUAJIRA,44650,SAN JUAN DEL CESAR,Municipio,"-73,000629","10,769546",LA GUAJIRASAN JUAN DEL CESAR,Origen Religioso,En honor a San Juan  
654,44,LA GUAJIRA,44847,URIBIA,Municipio,"-72,265906","11,711904",LA GUAJIRAURIBIA,Origen por nombre de una persona,Por Rafael Uribe Uribe general y político
655,44,LA GUAJIRA,44855,URUMITA,Municipio,"-73,012507","10,560169",LA GUAJIRAURUMITA,Origen Indigena,Nombre indígena
656,44,LA GUAJIRA,44874,VILLANUEVA,Municipio,"-72,977583","10,608774",LA GUAJIRAVILLANUEVA,Otro Origen,Por ser una comunidad nueva.
657,47,MAGDALENA,47001,SANTA MARTA,Municipio,"-74,199829","11,204679",MAGDALENASANTA MARTA,Origen Religioso,En honor a Santa Marta de Betania  
658,47,MAGDALENA,47030,ALGARROBO,Municipio,"-74,061132","10,188059",MAGDALENAALGARROBO,Origen Natural,Por el árbol algarrobo
659,47,MAGDALENA,47053,ARACATACA,Municipio,"-74,186702","10,589791",MAGDALENAARACATACA,0,
660,47,MAGDALENA,47058,ARIGUANÍ,Municipio,"-74,236515","9,847047",MAGDALENAARIGUANÍ,0,
661,47,MAGDALENA,47161,CERRO DE SAN ANTONIO,Municipio,"-74,868474","10,325531",MAGDALENACERRO DE SAN ANTONIO,Origen Natural,Por un cerro dedicado a San Antonio a orillas del Magdalena.
662,47,MAGDALENA,47170,CHIVOLO,Municipio,"-74,622242","10,026631",MAGDALENACHIVOLO,Origen Indigena,Por el río Chivolo o etnia local del mismo nombre.
663,47,MAGDALENA,47189,CIÉNAGA,Municipio,"-74,241286","11,006654",MAGDALENACIÉNAGA,Origen Natural,Referencia a lago o pantano cercano al río Magdalena
664,47,MAGDALENA,47205,CONCORDIA,Municipio,"-74,83303","10,257314",MAGDALENACONCORDIA,Otro Origen,Por el ideal de concordia o acuerdo entre sus fundadores.
665,47,MAGDALENA,47245,EL BANCO,Municipio,"-73,97437","9,008503",MAGDALENAEL BANCO,Origen Natural,Por las barrancas y bancos de arena del río Magdalena.
666,47,MAGDALENA,47258,EL PIÑÓN,Municipio,"-74,823094","10,402781",MAGDALENAEL PIÑÓN,Origen Natural,Por el árbol piñón de oreja (Enterolobium cyclocarpum)
667,47,MAGDALENA,47268,EL RETÉN,Municipio,"-74,268444","10,610488",MAGDALENAEL RETÉN,Otro Origen,Llamado así por el retén aduanero que existió en la zona.
668,47,MAGDALENA,47288,FUNDACIÓN,Municipio,"-74,191453","10,514146",MAGDALENAFUNDACIÓN,Origen Religioso,"Fundación de San Carlos de San Sebastián; doble advocación católica; ahora sólo ""Fundación"""
669,47,MAGDALENA,47318,GUAMAL,Municipio,"-74,223689","9,144354",MAGDALENAGUAMAL,Origen Natural,Por el árbol guamo
670,47,MAGDALENA,47460,NUEVA GRANADA,Municipio,"-74,391841","9,80186",MAGDALENANUEVA GRANADA,Origen Europeo,En homenaje a Granada  España 
671,47,MAGDALENA,47541,PEDRAZA,Municipio,"-74,9154","10,18825",MAGDALENAPEDRAZA,Origen Europeo,En honor a persona o lugar español llamado Pedraza. nombre ancestral indígena.
672,47,MAGDALENA,47545,PIJIÑO DEL CARMEN,Municipio,"-74,459034","9,331922",MAGDALENAPIJIÑO DEL CARMEN,Origen Indigena,Nombre de origen indígena local.
673,47,MAGDALENA,47551,PIVIJAY,Municipio,"-74,613312","10,460707",MAGDALENAPIVIJAY,Origen Natural,Por el árbol pivijay
674,47,MAGDALENA,47555,PLATO,Municipio,"-74,784549","9,796713",MAGDALENAPLATO,Origen Natural,Por su ubicación en la planicie del río Magdalena.
675,47,MAGDALENA,47570,PUEBLOVIEJO,Municipio,"-74,28253","10,994766",MAGDALENAPUEBLOVIEJO,Origen Natural,Nombre relacionado con un antiguo asentamiento en la zona.
676,47,MAGDALENA,47605,REMOLINO,Municipio,"-74,716172","10,701952",MAGDALENAREMOLINO,Origen Natural,Por un remolino en el río Magdalena cercano.
677,47,MAGDALENA,47660,SABANAS DE SAN ÁNGEL,Municipio,"-74,213946","10,032536",MAGDALENASABANAS DE SAN ÁNGEL,Origen Natural,Por las sabanas y la cercanía a San Ángel.
678,47,MAGDALENA,47675,SALAMINA,Municipio,"-74,794189","10,491229",MAGDALENASALAMINA,Origen Europeo,Por isla/griega y batalla de Salamina (Grecia)  
679,47,MAGDALENA,47692,SAN SEBASTIÁN DE BUENAVISTA,Municipio,"-74,351498","9,241656",MAGDALENASAN SEBASTIÁN DE BUENAVISTA,Origen Religioso,En honor a San Sebastián  
680,47,MAGDALENA,47703,SAN ZENÓN,Municipio,"-74,498992","9,245061",MAGDALENASAN ZENÓN,Origen Religioso,En honor a San Zenón santo venerado.
681,47,MAGDALENA,47707,SANTA ANA,Municipio,"-74,566845","9,324294",MAGDALENASANTA ANA,Origen Religioso,En honor a Santa Ana  madre de la Virgen María 
682,47,MAGDALENA,47720,SANTA BÁRBARA DE PINTO,Municipio,"-74,704667","9,432263",MAGDALENASANTA BÁRBARA DE PINTO,Origen Religioso,Por Santa Bárbara santo católico.
683,47,MAGDALENA,47745,SITIONUEVO,Municipio,"-74,720021","10,775285",MAGDALENASITIONUEVO,Origen Religioso,Horizonte religioso y denominación oficial.
684,47,MAGDALENA,47798,TENERIFE,Municipio,"-74,859783","9,898273",MAGDALENATENERIFE,Origen Europeo,Por Tenerife  Islas Canarias España 
685,47,MAGDALENA,47960,ZAPAYÁN,Municipio,"-74,716878","10,168297",MAGDALENAZAPAYÁN,Origen Indigena,"Nombre indígena caribe, con sus orígenes en caciques locales"
686,47,MAGDALENA,47980,ZONA BANANERA,Municipio,"-74,140091","10,763024",MAGDALENAZONA BANANERA,Otro Origen,Por la producción de banano en la región. encomenderos.
687,50,META,50001,VILLAVICENCIO,Municipio,"-73,622601","4,126369",METAVILLAVICENCIO,Origen por nombre de una persona,Por Antonio Villavicencio político y militar
688,50,META,50006,ACACÍAS,Municipio,"-73,766034","3,990413",METAACACÍAS,Origen Natural,Por las flores de acacia de la zona
689,50,META,50110,BARRANCA DE UPÍA,Municipio,"-72,961083","4,566225",METABARRANCA DE UPÍA,Otro Origen,Por su ubicación sobre la barranca del río Upía
690,50,META,50124,CABUYARO,Municipio,"-72,791768","4,286705",METACABUYARO,Origen Natural,Por la planta de fique (“cabuyas”)
691,50,META,50150,CASTILLA LA NUEVA,Municipio,"-73,687302","3,830005",METACASTILLA LA NUEVA,Origen Europeo,En homenaje a Castilla-La Mancha  España 
692,50,META,50223,CUBARRAL,Municipio,"-73,837999","3,793653",METACUBARRAL,Origen Natural,Por la palma cubarro usada por indígenas
693,50,META,50226,CUMARAL,Municipio,"-73,487052","4,270042",METACUMARAL,Origen Natural,Por la palma cumare/nombre indígena
694,50,META,50245,EL CALVARIO,Municipio,"-73,713325","4,352665",METAEL CALVARIO,Origen Religioso,Por el Calvario de Jesús  
695,50,META,50251,EL CASTILLO,Municipio,"-73,794225","3,563907",METAEL CASTILLO,Origen Natural,"Por la colina ""El Castillo"" que asemeja un castillo natural."
696,50,META,50270,EL DORADO,Municipio,"-73,835264","3,739984",METAEL DORADO,Origen Indigena,"Nombre legendario, con origen en mito indígena"
697,50,META,50287,FUENTE DE ORO,Municipio,"-73,618121","3,462875",METAFUENTE DE ORO,Origen Natural,Por fuentes de agua y la riqueza del suelo.
698,50,META,50313,GRANADA,Municipio,"-73,705815","3,547147",METAGRANADA,Origen Europeo,Nombra original Nueva Granada  en honor a Granada España 
699,50,META,50318,GUAMAL,Municipio,"-73,768815","3,879657",METAGUAMAL,Origen Natural,Por el árbol guamo
700,50,META,50325,MAPIRIPÁN,Municipio,"-72,135509","2,896617",METAMAPIRIPÁN,Origen Indigena,Por la cacica Mapiripán
701,50,META,50330,MESETAS,Municipio,"-74,044328","3,382732",METAMESETAS,Origen Natural,Por la serie de mesetas o altiplanos en la sabana.
702,50,META,50350,LA MACARENA,Municipio,"-73,78661","2,177143",METALA MACARENA,Origen Religioso,En honor a la Virgen de la Macarena.
703,50,META,50370,URIBE,Municipio,"-74,351508","3,239634",METAURIBE,Origen por nombre de una persona,Por Antonio Uribe socio de la Compañía Colombia
704,50,META,50400,LEJANÍAS,Municipio,"-74,023514","3,525115",METALEJANÍAS,Otro Origen,Por encontrarse en la lejanía respecto de los principales centros urbanos.
705,50,META,50450,PUERTO CONCORDIA,Municipio,"-72,760209","2,624006",METAPUERTO CONCORDIA,Otro Origen,Por la concordia (armonía) entre colonos
706,50,META,50568,PUERTO GAITÁN,Municipio,"-72,087649","4,314905",METAPUERTO GAITÁN,Origen por nombre de una persona,En honor a Jorge Eliécer Gaitán
707,50,META,50573,PUERTO LÓPEZ,Municipio,"-72,957324","4,09349",METAPUERTO LÓPEZ,Origen por nombre de una persona,En honor a Alfonso López Pumarejo
708,50,META,50577,PUERTO LLERAS,Municipio,"-73,37385","3,272117",METAPUERTO LLERAS,Origen por nombre de una persona,En honor a Alberto Lleras Camargo
709,50,META,50590,PUERTO RICO,Municipio,"-73,206314","2,939621",METAPUERTO RICO,Origen Europeo,Por la isla de Puerto Rico
710,50,META,50606,RESTREPO,Municipio,"-73,565408","4,259556",METARESTREPO,Origen por nombre de una persona,Por Emiliano Restrepo Echavarría jurisconsulto
711,50,META,50680,SAN CARLOS DE GUAROA,Municipio,"-73,242253","3,71065",METASAN CARLOS DE GUAROA,Origen Religioso,En honor a San Carlos Borromeo  
712,50,META,50683,SAN JUAN DE ARAMA,Municipio,"-73,875832","3,373728",METASAN JUAN DE ARAMA,Origen Religioso,En honor a San Juan  
713,50,META,50686,SAN JUANITO,Municipio,"-73,676699","4,458181",METASAN JUANITO,Origen Religioso,En honor a San Juan Bautista  
714,50,META,50689,SAN MARTÍN,Municipio,"-73,695812","3,701899",METASAN MARTÍN,Origen Religioso,En honor a San Martín de Tours  
715,50,META,50711,VISTAHERMOSA,Municipio,"-73,750966","3,125579",METAVISTAHERMOSA,Otro Origen,Por la hermosa vista del municipio.
716,52,NARIÑO,52001,PASTO,Municipio,"-77,278795","1,212352",NARIÑOPASTO,Origen Indigena,"Nombre indígena kamsá, significa 'lugar de la fiesta'"
717,52,NARIÑO,52019,ALBÁN,Municipio,"-77,080712","1,474978",NARIÑOALBÁN,0,
718,52,NARIÑO,52022,ALDANA,Municipio,"-77,700564","0,882381",NARIÑOALDANA,Origen por nombre de una persona,En honor a Lorenzo de Aldana fundador de Pasto
719,52,NARIÑO,52036,ANCUYA,Municipio,"-77,514512","1,263276",NARIÑOANCUYA,0,
720,52,NARIÑO,52051,ARBOLEDA,Municipio,"-77,135467","1,503418",NARIÑOARBOLEDA,Origen por nombre de una persona,Por Julio Arboleda Pombo general y político
721,52,NARIÑO,52079,BARBACOAS,Municipio,"-78,13765","1,671733",NARIÑOBARBACOAS,Origen Indigena,"Por las casas sobre pilotes (""barbacoas"") de los nativos"
722,52,NARIÑO,52083,BELÉN,Municipio,"-77,015619","1,595681",NARIÑOBELÉN,Origen Religioso,En honor a la ciudad bíblica Belén  
723,52,NARIÑO,52110,BUESACO,Municipio,"-77,156463","1,381453",NARIÑOBUESACO,Origen Indigena,Nombre derivado de la etnia indígena Buesaco.
724,52,NARIÑO,52203,COLÓN,Municipio,"-77,019777","1,643878",NARIÑOCOLÓN,Origen por nombre de una persona,En honor a Cristóbal Colón
725,52,NARIÑO,52207,CONSACÁ,Municipio,"-77,466136","1,207854",NARIÑOCONSACÁ,Origen Indigena,Nombre derivado de la lengua indígena quillacinga.
726,52,NARIÑO,52210,CONTADERO,Municipio,"-77,549409","0,910458",NARIÑOCONTADERO,Origen Indigena,De raíz indígena pasto se refiere a un sitio de paso o “conteo”.
727,52,NARIÑO,52215,CÓRDOBA,Municipio,"-77,517897","0,854564",NARIÑOCÓRDOBA,Origen Europeo,En honor a la ciudad española de Córdoba.
728,52,NARIÑO,52224,CUASPUD CARLOSAMA,Municipio,"-77,728947","0,862978",NARIÑOCUASPUD CARLOSAMA,Origen Indigena,Combinación de nombres de caciques Cuaspud y Carlosama.
729,52,NARIÑO,52227,CUMBAL,Municipio,"-77,792505","0,906367",NARIÑOCUMBAL,Origen Indigena,Nombre de la montaña sagrada para los pastos.
730,52,NARIÑO,52233,CUMBITARA,Municipio,"-77,578616","1,647163",NARIÑOCUMBITARA,Origen Indigena,Nombre indígena local etnia o río de la región.
731,52,NARIÑO,52240,CHACHAGÜÍ,Municipio,"-77,281869","1,360545",NARIÑOCHACHAGÜÍ,Origen Indigena,Nombre indígena guambiano o awá
732,52,NARIÑO,52250,EL CHARCO,Municipio,"-78,110217","2,479688",NARIÑOEL CHARCO,Origen Indigena,"Nombre oriundo de la región, con posible toponimia indígena"
733,52,NARIÑO,52254,EL PEÑOL,Municipio,"-77,438522","1,453567",NARIÑOEL PEÑOL,Origen Natural,Por la peña o roca grande del lugar.
734,52,NARIÑO,52256,EL ROSARIO,Municipio,"-77,33417","1,745309",NARIÑOEL ROSARIO,Origen Religioso,En honor a la Virgen del Rosario  
735,52,NARIÑO,52258,EL TABLÓN DE GÓMEZ,Municipio,"-77,097101","1,427277",NARIÑOEL TABLÓN DE GÓMEZ,Otro Origen,Por una gran tabla de madera que sirvió de asentamiento a su fundador Gómez.
736,52,NARIÑO,52260,EL TAMBO,Municipio,"-77,390772","1,407913",NARIÑOEL TAMBO,Origen Indigena,Tambo significa “posada” en quechua lugar de descanso.
737,52,NARIÑO,52287,FUNES,Municipio,"-77,448913","1,001159",NARIÑOFUNES,Origen por nombre de una persona,Por sacerdote Lucas Funes (fundador)
738,52,NARIÑO,52317,GUACHUCAL,Municipio,"-77,731589","0,959744",NARIÑOGUACHUCAL,Origen Indigena,Nombre de raíz quechua propio de los indígenas pastos de la región
739,52,NARIÑO,52320,GUAITARILLA,Municipio,"-77,549824","1,129574",NARIÑOGUAITARILLA,Origen Indigena,Nombre indígena pasto
740,52,NARIÑO,52323,GUALMATÁN,Municipio,"-77,568701","0,919652",NARIÑOGUALMATÁN,Origen Indigena,Nombre indígena pasto o quillacinga
741,52,NARIÑO,52352,ILES,Municipio,"-77,521227","0,96952",NARIÑOILES,Origen Indigena,Nombre indígena en lengua pasto. nombre original del territorio.
742,52,NARIÑO,52354,IMUÉS,Municipio,"-77,496339","1,05506",NARIÑOIMUÉS,Origen Indigena,Nombre propio de la etnia indígena Imués.
743,52,NARIÑO,52356,IPIALES,Municipio,"-77,646367","0,827732",NARIÑOIPIALES,Origen Indigena,Nombre indígena
744,52,NARIÑO,52378,LA CRUZ,Municipio,"-76,970504","1,601318",NARIÑOLA CRUZ,Origen Religioso,En referencia a la cruz de Cristo  
745,52,NARIÑO,52381,LA FLORIDA,Municipio,"-77,402882","1,29753",NARIÑOLA FLORIDA,Origen Natural,Por vegetación florida (reemplazó nombre indígena)
746,52,NARIÑO,52385,LA LLANADA,Municipio,"-77,58091","1,472892",NARIÑOLA LLANADA,Origen Natural,Por ser un extenso llano en la región andina.
747,52,NARIÑO,52390,LA TOLA,Municipio,"-78,189725","2,398999",NARIÑOLA TOLA,Origen Indigena,Nombre del pueblo indígena tola ancestral de la zona.
748,52,NARIÑO,52399,LA UNIÓN,Municipio,"-77,131316","1,600219",NARIÑOLA UNIÓN,Otro Origen,Por la unión de diferentes caminos o veredas en el sitio fundador.
749,52,NARIÑO,52405,LEIVA,Municipio,"-77,306135","1,934453",NARIÑOLEIVA,Origen por nombre de una persona,Por sacerdote Alejandro Cuevas Leiva
750,52,NARIÑO,52411,LINARES,Municipio,"-77,523953","1,350814",NARIÑOLINARES,Origen por nombre de una persona,En honor a militar Lorenzo de Aldana
751,52,NARIÑO,52418,LOS ANDES,Municipio,"-77,521303","1,494587",NARIÑOLOS ANDES,Origen Natural,Por estar enclavado en la cordillera de los Andes.
752,52,NARIÑO,52427,MAGÜÍ,Municipio,"-78,182924","1,765633",NARIÑOMAGÜÍ,Origen Indigena,Nombre indígena local
753,52,NARIÑO,52435,MALLAMA,Municipio,"-77,864549","1,141037",NARIÑOMALLAMA,Origen por nombre de una persona,Por sacerdote Felipe de Mallama
754,52,NARIÑO,52473,MOSQUERA,Municipio,"-78,452992","2,507139",NARIÑOMOSQUERA,Origen por nombre de una persona,Por Tomás Cipriano de Mosquera presidente
755,52,NARIÑO,52480,NARIÑO,Municipio,"-77,357972","1,288979",NARIÑONARIÑO,Origen por nombre de una persona,En honor a Antonio Nariño
756,52,NARIÑO,52490,OLAYA HERRERA,Municipio,"-78,325814","2,347457",NARIÑOOLAYA HERRERA,Origen por nombre de una persona,Por Enrique Olaya Herrera presidente
757,52,NARIÑO,52506,OSPINA,Municipio,"-77,566082","1,058433",NARIÑOOSPINA,Origen por nombre de una persona,Por Mariano Ospina Rodríguez político
758,52,NARIÑO,52520,FRANCISCO PIZARRO,Municipio,"-78,658361","2,040629",NARIÑOFRANCISCO PIZARRO,Origen por nombre de una persona,En honor al conquistador español Francisco Pizarro.
759,52,NARIÑO,52540,POLICARPA,Municipio,"-77,458686","1,627196",NARIÑOPOLICARPA,Origen por nombre de una persona,Por Policarpa Salavarrieta heroína de independencia
760,52,NARIÑO,52560,POTOSÍ,Municipio,"-77,573003","0,806639",NARIÑOPOTOSÍ,Origen Europeo,Por la ciudad de Potosí en Bolivia  
761,52,NARIÑO,52565,PROVIDENCIA,Municipio,"-77,596794","1,237814",NARIÑOPROVIDENCIA,Origen Religioso,En alusión a la Providencia divina  
762,52,NARIÑO,52573,PUERRES,Municipio,"-77,504211","0,885125",NARIÑOPUERRES,0,
763,52,NARIÑO,52585,PUPIALES,Municipio,"-77,636042","0,870442",NARIÑOPUPIALES,Origen Indigena,Nombre de origen indígena relacionado con la región.
764,52,NARIÑO,52612,RICAURTE,Municipio,"-77,995153","1,212492",NARIÑORICAURTE,Origen por nombre de una persona,En honor a Antonio Ricaurte. héroe de independencia.
765,52,NARIÑO,52621,ROBERTO PAYÁN,Municipio,"-78,245716","1,697492",NARIÑOROBERTO PAYÁN,Origen Indigena,Nombre de un líder local en tiempos modernos; no indígena
766,52,NARIÑO,52678,SAMANIEGO,Municipio,"-77,594341","1,335438",NARIÑOSAMANIEGO,Origen por nombre de una persona,Por Juan Sánchez Samaniego propietario
767,52,NARIÑO,52683,SANDONÁ,Municipio,"-77,47313","1,283438",NARIÑOSANDONÁ,Origen Indigena,'Lugar de las palmas' en quechua
768,52,NARIÑO,52685,SAN BERNARDO,Municipio,"-77,0475","1,513762",NARIÑOSAN BERNARDO,Origen Religioso,Por San Bernardo santo católico.
769,52,NARIÑO,52687,SAN LORENZO,Municipio,"-77,21542","1,503362",NARIÑOSAN LORENZO,Origen Religioso,En honor a San Lorenzo  
770,52,NARIÑO,52693,SAN PABLO,Municipio,"-77,013984","1,669429",NARIÑOSAN PABLO,Origen Religioso,En honor a San Pablo apóstol  
771,52,NARIÑO,52694,SAN PEDRO DE CARTAGO,Municipio,"-77,11941","1,551572",NARIÑOSAN PEDRO DE CARTAGO,Origen Religioso,En honor a San Pedro apóstol  
772,52,NARIÑO,52696,SANTA BÁRBARA,Municipio,"-77,979916","2,449653",NARIÑOSANTA BÁRBARA,Origen Religioso,En honor a Santa Bárbara  
773,52,NARIÑO,52699,SANTACRUZ,Municipio,"-77,677035","1,222589",NARIÑOSANTACRUZ,Origen Religioso,En referencia a la cruz de Cristo  
774,52,NARIÑO,52720,SAPUYES,Municipio,"-77,62028","1,037536",NARIÑOSAPUYES,Origen Indigena,Nombre indígena local sin significado definido.
775,52,NARIÑO,52786,TAMINANGO,Municipio,"-77,2808","1,570358",NARIÑOTAMINANGO,Origen Indigena,Por la etnia tamina o palabra indígena.
776,52,NARIÑO,52788,TANGUA,Municipio,"-77,393735","1,09482",NARIÑOTANGUA,Origen Indigena,Nombre originado en etnias pastos.
777,52,NARIÑO,52835,SAN ANDRÉS DE TUMACO,Municipio,"-78,764073","1,807399",NARIÑOSAN ANDRÉS DE TUMACO,Origen Religioso,Por San Andrés y la influencia española en la fundación.En honor a San Andrés apóstol.
778,52,NARIÑO,52838,TÚQUERRES,Municipio,"-77,61672","1,085044",NARIÑOTÚQUERRES,Origen Indigena,Nombre indígena pasto.
779,52,NARIÑO,52885,YACUANQUER,Municipio,"-77,400169","1,115937",NARIÑOYACUANQUER,Origen Indigena,Nombre indígena con significado desconocido.
780,54,NORTE DE SANTANDER,54001,SAN JOSÉ DE CÚCUTA,Municipio,"-72,508178","7,905725",NORTE DE SANTANDERSAN JOSÉ DE CÚCUTA,Origen Religioso,Patrocinado por San José  
781,54,NORTE DE SANTANDER,54003,ÁBREGO,Municipio,"-73,221722","8,081616",NORTE DE SANTANDERÁBREGO,Origen por nombre de una persona,Por Mercedes Abrego heroína de independencia
782,54,NORTE DE SANTANDER,54051,ARBOLEDAS,Municipio,"-72,798952","7,642985",NORTE DE SANTANDERARBOLEDAS,Origen Natural,Por la abundancia de arboledas (bosques)
783,54,NORTE DE SANTANDER,54099,BOCHALEMA,Municipio,"-72,64701","7,612192",NORTE DE SANTANDERBOCHALEMA,Origen Indigena,"Nombre de origen indígena, cercano a Pamplona"
784,54,NORTE DE SANTANDER,54109,BUCARASICA,Municipio,"-72,868231","8,041299",NORTE DE SANTANDERBUCARASICA,Origen Indigena,"Nombre indígena, pueblo con un solo camino de entrada y salida"
785,54,NORTE DE SANTANDER,54125,CÁCOTA,Municipio,"-72,642059","7,268705",NORTE DE SANTANDERCÁCOTA,0,
786,54,NORTE DE SANTANDER,54128,CÁCHIRA,Municipio,"-73,048983","7,741248",NORTE DE SANTANDERCÁCHIRA,Origen Indigena,"Nombre indígena, pueblo con historia ligada a batallas de independencia"
787,54,NORTE DE SANTANDER,54172,CHINÁCOTA,Municipio,"-72,601162","7,603112",NORTE DE SANTANDERCHINÁCOTA,Origen Indigena,"Nombre indígena, pueblo conocido por la herida mortal del conquistador Ambrosio Alfinger"
788,54,NORTE DE SANTANDER,54174,CHITAGÁ,Municipio,"-72,665468","7,138187",NORTE DE SANTANDERCHITAGÁ,Origen Indigena,"Nombre de etnia indígena chitarera, grupo cercano a los chitareros guanes"
789,54,NORTE DE SANTANDER,54206,CONVENCIÓN,Municipio,"-73,3372","8,470374",NORTE DE SANTANDERCONVENCIÓN,Otro Origen,Por un histórico “pacto” o convención política en la zona.
790,54,NORTE DE SANTANDER,54223,CUCUTILLA,Municipio,"-72,772816","7,539633",NORTE DE SANTANDERCUCUTILLA,Origen Indigena,Disminutivo de Cúcuta voz indígena.
791,54,NORTE DE SANTANDER,54239,DURANIA,Municipio,"-72,658491","7,714804",NORTE DE SANTANDERDURANIA,Origen por nombre de una persona,Por Justo Leonidas Durán general liberal
792,54,NORTE DE SANTANDER,54245,EL CARMEN,Municipio,"-73,446687","8,510579",NORTE DE SANTANDEREL CARMEN,Origen Religioso,En honor a la Virgen del Carmen  
793,54,NORTE DE SANTANDER,54250,EL TARRA,Municipio,"-73,09614","8,574281",NORTE DE SANTANDEREL TARRA,Origen Indigena,"Nombre indígena, ubicado en la cuenca del río Tarra en el Catatumbo"
794,54,NORTE DE SANTANDER,54261,EL ZULIA,Municipio,"-72,604717","7,938572",NORTE DE SANTANDEREL ZULIA,Origen Indigena,"Nombre que honra a una mujer indígena líder de la resistencia contra españoles, también derivado al estado venezolano Zulia"
795,54,NORTE DE SANTANDER,54313,GRAMALOTE,Municipio,"-72,787233","7,916946",NORTE DE SANTANDERGRAMALOTE,Origen Natural,Por la abundancia de “gramalote”
796,54,NORTE DE SANTANDER,54344,HACARÍ,Municipio,"-73,145997","8,321506",NORTE DE SANTANDERHACARÍ,Origen Indigena,"Nombre que deriva de los hacaritamas, antiguos habitantes de la provincia de Ocaña"
797,54,NORTE DE SANTANDER,54347,HERRÁN,Municipio,"-72,483519","7,506541",NORTE DE SANTANDERHERRÁN,Origen por nombre de una persona,Por Pedro Alcántara Herrán presidente y general
798,54,NORTE DE SANTANDER,54377,LABATECA,Municipio,"-72,495983","7,298414",NORTE DE SANTANDERLABATECA,Origen Indigena,"Nombre indígena, situada en los límites entre tunebos (uwa) y chitareros"
799,54,NORTE DE SANTANDER,54385,LA ESPERANZA,Municipio,"-73,328126","7,639839",NORTE DE SANTANDERLA ESPERANZA,Origen Religioso,Por el valor teologal cristiano  
800,54,NORTE DE SANTANDER,54398,LA PLAYA,Municipio,"-73,239986","8,21124",NORTE DE SANTANDERLA PLAYA,Origen Natural,Por ubicarse junto a una playa fluvial del río Zulia.
801,54,NORTE DE SANTANDER,54405,LOS PATIOS,Municipio,"-72,505612","7,833186",NORTE DE SANTANDERLOS PATIOS,Otro Origen,Por la existencia de grandes patios y corrales en la época colonial. próceres de la independencia.
802,54,NORTE DE SANTANDER,54418,LOURDES,Municipio,"-72,832376","7,945631",NORTE DE SANTANDERLOURDES,Origen Religioso,En honor a la Virgen de Lourdes  Francia 
803,54,NORTE DE SANTANDER,54480,MUTISCUA,Municipio,"-72,747169","7,300469",NORTE DE SANTANDERMUTISCUA,Otro Origen,"Contracción de ""Mutis"" (Manuel Mutis Gama"
804,54,NORTE DE SANTANDER,54498,OCAÑA,Municipio,"-73,35607","8,248574",NORTE DE SANTANDEROCAÑA,Origen Europeo,Nombrado por Ocaña  España 
805,54,NORTE DE SANTANDER,54518,PAMPLONA,Municipio,"-72,647714","7,372802",NORTE DE SANTANDERPAMPLONA,Origen Europeo,Nombrado por Pamplona  España 
806,54,NORTE DE SANTANDER,54520,PAMPLONITA,Municipio,"-72,639111","7,436745",NORTE DE SANTANDERPAMPLONITA,Origen Europeo,Disminutivo de Pamplona (España)
807,54,NORTE DE SANTANDER,54553,PUERTO SANTANDER,Municipio,"-72,411363","8,359993",NORTE DE SANTANDERPUERTO SANTANDER,Origen por nombre de una persona,En honor a Francisco de Paula Santander.
808,54,NORTE DE SANTANDER,54599,RAGONVALIA,Municipio,"-72,476708","7,577861",NORTE DE SANTANDERRAGONVALIA,Origen por nombre de una persona,"Acrónimo de ""Ramón González Valencia"""
809,54,NORTE DE SANTANDER,54660,SALAZAR,Municipio,"-72,813064","7,773683",NORTE DE SANTANDERSALAZAR,Origen Europeo,En honor a la familia Salazar o localidades homónimas españolas.
810,54,NORTE DE SANTANDER,54670,SAN CALIXTO,Municipio,"-73,208622","8,40214",NORTE DE SANTANDERSAN CALIXTO,Origen Religioso,En honor a San Calixto  
811,54,NORTE DE SANTANDER,54673,SAN CAYETANO,Municipio,"-72,625459","7,875695",NORTE DE SANTANDERSAN CAYETANO,Origen Religioso,En honor a San Cayetano  
812,54,NORTE DE SANTANDER,54680,SANTIAGO,Municipio,"-72,716203","7,865856",NORTE DE SANTANDERSANTIAGO,Origen Religioso,En honor al Apóstol Santiago  
813,54,NORTE DE SANTANDER,54720,SARDINATA,Municipio,"-72,800577","8,082105",NORTE DE SANTANDERSARDINATA,Origen Indigena,Nombre de origen indígena
814,54,NORTE DE SANTANDER,54743,SILOS,Municipio,"-72,757128","7,204736",NORTE DE SANTANDERSILOS,Origen Indigena,"Nombre indígena, posible referencia a lugar o líder"
815,54,NORTE DE SANTANDER,54800,TEORAMA,Municipio,"-73,28707","8,438134",NORTE DE SANTANDERTEORAMA,Origen Religioso,Por el valor teologal cristiano  
816,54,NORTE DE SANTANDER,54810,TIBÚ,Municipio,"-72,734496","8,639891",NORTE DE SANTANDERTIBÚ,Origen Indigena,Nombre indígena embera
817,54,NORTE DE SANTANDER,54820,TOLEDO,Municipio,"-72,481915","7,307692",NORTE DE SANTANDERTOLEDO,Origen Europeo,Nombrado por Toledo  España 
818,54,NORTE DE SANTANDER,54871,VILLA CARO,Municipio,"-72,973601","7,914244",NORTE DE SANTANDERVILLA CARO,Origen Europeo,Por la familia Caro de origen español.
819,54,NORTE DE SANTANDER,54874,VILLA DEL ROSARIO,Municipio,"-72,469758","7,847672",NORTE DE SANTANDERVILLA DEL ROSARIO,Origen Religioso,En honor a la Virgen del Rosario  
820,63,QUINDÍO,63001,ARMENIA,Municipio,"-75,680786","4,53598",QUINDÍOARMENIA,Origen Europeo,Homenaje al país Armenia y a la masacre armenia  
821,63,QUINDÍO,63111,BUENAVISTA,Municipio,"-75,739572","4,360029",QUINDÍOBUENAVISTA,Origen Natural,Por la “buena vista” que se aprecia desde la zona.
822,63,QUINDÍO,63130,CALARCÁ,Municipio,"-75,646085","4,520982",QUINDÍOCALARCÁ,Origen Indigena,Nombre de origen indígena relacionada con la cultura quimbaya
823,63,QUINDÍO,63190,CIRCASIA,Municipio,"-75,636533","4,617759",QUINDÍOCIRCASIA,Origen Europeo,Por la región del Cáucaso llamada Circassia.
824,63,QUINDÍO,63212,CÓRDOBA,Municipio,"-75,687866","4,392485",QUINDÍOCÓRDOBA,Origen Europeo,En honor a la ciudad española de Córdoba.
825,63,QUINDÍO,63272,FILANDIA,Municipio,"-75,658387","4,674338",QUINDÍOFILANDIA,Origen Europeo,Por Finlandia como alusión a país europeo por fundadores.
826,63,QUINDÍO,63302,GÉNOVA,Municipio,"-75,790402","4,206641",QUINDÍOGÉNOVA,Origen Europeo,Por Génova  Italia 
827,63,QUINDÍO,63401,LA TEBAIDA,Municipio,"-75,786887","4,453755",QUINDÍOLA TEBAIDA,Origen Europeo,"Por región mencionada en clásico latino (""Tebaida"" de Estacio)  "
828,63,QUINDÍO,63470,MONTENEGRO,Municipio,"-75,749827","4,565057",QUINDÍOMONTENEGRO,Origen Europeo,Por la región europea de Montenegro.
829,63,QUINDÍO,63548,PIJAO,Municipio,"-75,703329","4,335036",QUINDÍOPIJAO,Origen Indigena,"Nombre de la etnia pijao, antiguos habitantes de la zona"
830,63,QUINDÍO,63594,QUIMBAYA,Municipio,"-75,765074","4,624387",QUINDÍOQUIMBAYA,Origen Indigena,Nombre de la cultura indígena precolombina quimbaya
831,63,QUINDÍO,63690,SALENTO,Municipio,"-75,570844","4,637157",QUINDÍOSALENTO,Origen Europeo,Por Salento  Italia 
832,66,RISARALDA,66001,PEREIRA,Municipio,"-75,719711","4,804985",RISARALDAPEREIRA,Origen Indigena,Nombre indígena desvirtuado
833,66,RISARALDA,66045,APÍA,Municipio,"-75,942356","5,106526",RISARALDAAPÍA,Origen Indigena,"Nombre de la etnia indígena apias, antiguos habitantes"
834,66,RISARALDA,66075,BALBOA,Municipio,"-75,958663","4,949096",RISARALDABALBOA,Origen por nombre de una persona,En honor a Vasco Núñez de Balboa descubridor del Pacífico
835,66,RISARALDA,66088,BELÉN DE UMBRÍA,Municipio,"-75,868334","5,200793",RISARALDABELÉN DE UMBRÍA,Origen Europeo,Por Umbría  Italia (región) 
836,66,RISARALDA,66170,DOSQUEBRADAS,Municipio,"-75,675371","4,833131",RISARALDADOSQUEBRADAS,Origen Natural,Por estar entre dos quebradas.
837,66,RISARALDA,66318,GUÁTICA,Municipio,"-75,799005","5,315367",RISARALDAGUÁTICA,Origen Indigena,"Nombre de etnia caribe, grupo guática o guátiquas"
838,66,RISARALDA,66383,LA CELIA,Municipio,"-76,0032","5,002787",RISARALDALA CELIA,Origen por nombre de una persona,Por comerciante llamada Celia
839,66,RISARALDA,66400,LA VIRGINIA,Municipio,"-75,880394","4,896624",RISARALDALA VIRGINIA,Origen Religioso,Referencia a la Virgen María  
840,66,RISARALDA,66440,MARSELLA,Municipio,"-75,73879","4,935771",RISARALDAMARSELLA,Origen Europeo,Por Marsella  Francia 
841,66,RISARALDA,66456,MISTRATÓ,Municipio,"-75,882886","5,297039",RISARALDAMISTRATÓ,Origen Indigena,Nombre indígena; castellanización de expresión embera para 'río de las loras'
842,66,RISARALDA,66572,PUEBLO RICO,Municipio,"-76,030801","5,222043",RISARALDAPUEBLO RICO,Origen Natural,Por las riquezas naturales y agropecuarias.
843,66,RISARALDA,66594,QUINCHÍA,Municipio,"-75,730431","5,340456",RISARALDAQUINCHÍA,Origen Indigena,"Nombre indígena, deriva de 'quinchos' (cercado de guadua con cráneos humanos)"
844,66,RISARALDA,66682,SANTA ROSA DE CABAL,Municipio,"-75,623268","4,876271",RISARALDASANTA ROSA DE CABAL,Origen Religioso,En honor a Santa Rosa de Lima y prócer José María Cabal  
845,66,RISARALDA,66687,SANTUARIO,Municipio,"-75,964628","5,074911",RISARALDASANTUARIO,Origen Religioso,Por santuario católico en la zona
846,68,SANTANDER,68001,BUCARAMANGA,Municipio,"-73,132562","7,11647",SANTANDERBUCARAMANGA,Origen Indigena,"Nombre de origen indígena, raíces y significado discutidos, ciudad fundada sobre un antiguo asentamiento indígena"
847,68,SANTANDER,68013,AGUADA,Municipio,"-73,523132","6,162355",SANTANDERAGUADA,Origen Natural,Por abundancia de aguas o fuentes
848,68,SANTANDER,68020,ALBANIA,Municipio,"-73,91336","5,759166",SANTANDERALBANIA,0,
849,68,SANTANDER,68051,ARATOCA,Municipio,"-73,01786","6,694418",SANTANDERARATOCA,0,
850,68,SANTANDER,68077,BARBOSA,Municipio,"-73,615965","5,932531",SANTANDERBARBOSA,Origen por nombre de una persona,Por Heliodoro Barbosa encomendero colonial
851,68,SANTANDER,68079,BARICHARA,Municipio,"-73,223047","6,634111",SANTANDERBARICHARA,Origen Indigena,Posible origen indígena en nombre de pueblo
852,68,SANTANDER,68081,BARRANCABERMEJA,Municipio,"-73,849243","7,064857",SANTANDERBARRANCABERMEJA,Origen Indigena,Nombre con raíces indígenas guanes; ciudad petrolera y puerto fluvial
853,68,SANTANDER,68092,BETULIA,Municipio,"-73,283669","6,899525",SANTANDERBETULIA,Origen Religioso,Por ciudad bíblica de Betulia  
854,68,SANTANDER,68101,BOLÍVAR,Municipio,"-73,771346","5,988953",SANTANDERBOLÍVAR,Origen por nombre de una persona,Por Simón Bolívar
855,68,SANTANDER,68121,CABRERA,Municipio,"-73,246475","6,592118",SANTANDERCABRERA,Origen Natural,Algunos dicen por abundancia de cabras
856,68,SANTANDER,68132,CALIFORNIA,Municipio,"-72,946491","7,347989",SANTANDERCALIFORNIA,Origen Europeo,Por estado de California  Estados Unidos 
857,68,SANTANDER,68147,CAPITANEJO,Municipio,"-72,695427","6,527394",SANTANDERCAPITANEJO,Origen Indigena,Nombrado por el cacique indígena Capitán.
858,68,SANTANDER,68152,CARCASÍ,Municipio,"-72,627099","6,629016",SANTANDERCARCASÍ,Origen Indigena,"Nombre derivado de grupo indígena de los carcasíes, con iglesia colonial antigua"
859,68,SANTANDER,68160,CEPITÁ,Municipio,"-72,973536","6,753518",SANTANDERCEPITÁ,Origen Indigena,"Nombre indígena chitarero, pueblo en el páramo de Santurbán"
860,68,SANTANDER,68162,CERRITO,Municipio,"-72,694851","6,840405",SANTANDERCERRITO,Origen Natural,Por los pequeños cerros que rodean el municipio.
861,68,SANTANDER,68167,CHARALÁ,Municipio,"-73,146873","6,284339",SANTANDERCHARALÁ,Origen Indigena,Palabra indígena que significa “tierra de pescadores”.
862,68,SANTANDER,68169,CHARTA,Municipio,"-72,968798","7,28082",SANTANDERCHARTA,Origen Indigena,"Nombre indígena ligado a líder cacique, primera misa en región"
863,68,SANTANDER,68176,CHIMA,Municipio,"-73,373656","6,344348",SANTANDERCHIMA,Origen Indigena,"Nombre indígena, situado en serranía de Yariguíes"
864,68,SANTANDER,68179,CHIPATÁ,Municipio,"-73,637111","6,062521",SANTANDERCHIPATÁ,Origen Indigena,"Primer lugar de la región donde se ofició misa, nombre indígena"
865,68,SANTANDER,68190,CIMITARRA,Municipio,"-73,953011","6,320886",SANTANDERCIMITARRA,Origen Natural,Por la forma de cimitarra (espada) del río que cruza la zona.
866,68,SANTANDER,68207,CONCEPCIÓN,Municipio,"-72,694567","6,768908",SANTANDERCONCEPCIÓN,Origen Religioso,Por la Inmaculada Concepción (advocación mariana)  
867,68,SANTANDER,68209,CONFINES,Municipio,"-73,240554","6,357327",SANTANDERCONFINES,Otro Origen,Por estar en el límite o “confín” de dos provincias.
868,68,SANTANDER,68211,CONTRATACIÓN,Municipio,"-73,474426","6,290561",SANTANDERCONTRATACIÓN,Origen Indigena,"Nombre relacionado a lugar en provincia Guanentá, posible origen indígena"
869,68,SANTANDER,68217,COROMORO,Municipio,"-73,040816","6,294999",SANTANDERCOROMORO,Origen Indigena,"Nombre indígena, asociado a guerrillas de independencia"
870,68,SANTANDER,68229,CURITÍ,Municipio,"-73,069383","6,605099",SANTANDERCURITÍ,Origen Indigena,"Nombre indígena guane, significado incierto"
871,68,SANTANDER,68235,EL CARMEN DE CHUCURÍ,Municipio,"-73,51066","6,700038",SANTANDEREL CARMEN DE CHUCURÍ,Origen Indigena,"Nombre derivado de río Chucurí, de origen indígena"
872,68,SANTANDER,68245,EL GUACAMAYO,Municipio,"-73,496908","6,245111",SANTANDEREL GUACAMAYO,Origen Natural,Por el ave guacamayo (psitácido)
873,68,SANTANDER,68250,EL PEÑÓN,Municipio,"-73,815532","6,05537",SANTANDEREL PEÑÓN,Origen Natural,Por las formaciones rocosas o peñones de su territorio.
874,68,SANTANDER,68255,EL PLAYÓN,Municipio,"-73,20287","7,470715",SANTANDEREL PLAYÓN,Origen Natural,Por los playones o zonas arenosas del río.
875,68,SANTANDER,68264,ENCINO,Municipio,"-73,098749","6,137429",SANTANDERENCINO,Origen Natural,Por los bosques de encino de la región.
876,68,SANTANDER,68266,ENCISO,Municipio,"-72,699647","6,668034",SANTANDERENCISO,Origen por nombre de una persona,En honor a Juan de Enciso poeta o fundador.
877,68,SANTANDER,68271,FLORIÁN,Municipio,"-73,97143","5,804659",SANTANDERFLORIÁN,Origen por nombre de una persona,Por Ezequiel Florián propietario original
878,68,SANTANDER,68276,FLORIDABLANCA,Municipio,"-73,099104","7,072329",SANTANDERFLORIDABLANCA,Origen Natural,Homenaje al conde de Floridablanca; no refiere flor directamente
879,68,SANTANDER,68296,GALÁN,Municipio,"-73,287769","6,638423",SANTANDERGALÁN,Origen Indigena,"Nombre de héroe de independencia, población con historia indígena"
880,68,SANTANDER,68298,GÁMBITA,Municipio,"-73,344185","5,945998",SANTANDERGÁMBITA,Origen Indigena,"Nombre indígena, pueblo pintoresco de la provincia de Comunera"
881,68,SANTANDER,68307,GIRÓN,Municipio,"-73,166832","7,070432",SANTANDERGIRÓN,Origen por nombre de una persona,Por Sancho Girón de Narváez presidente colonial
882,68,SANTANDER,68318,GUACA,Municipio,"-72,856322","6,876563",SANTANDERGUACA,Origen Indigena,Nombre indígena convertido en sustantivo castellano
883,68,SANTANDER,68320,GUADALUPE,Municipio,"-73,419292","6,245847",SANTANDERGUADALUPE,Origen Religioso,En honor a la Virgen de Guadalupe  
884,68,SANTANDER,68322,GUAPOTÁ,Municipio,"-73,320732","6,308635",SANTANDERGUAPOTÁ,Origen Indigena,"Palabra chibcha: ""guapotá"" significa ""nuestra labranza""."
885,68,SANTANDER,68324,GUAVATÁ,Municipio,"-73,700906","5,954348",SANTANDERGUAVATÁ,Origen Indigena,Guavatá palabra chibcha: “labranza de nuestro cacique”
886,68,SANTANDER,68327,GÜEPSA,Municipio,"-73,575146","6,025013",SANTANDERGÜEPSA,Origen Indigena,"Nombre indígena, en límites de muiscas y guanes"
887,68,SANTANDER,68344,HATO,Municipio,"-73,308399","6,543957",SANTANDERHATO,Origen Natural,Por la existencia de hatos (extensiones de ganado) en la región.
888,68,SANTANDER,68368,JESÚS MARÍA,Municipio,"-73,783396","5,876497",SANTANDERJESÚS MARÍA,Origen Religioso,Doble homenaje a Jesús y la Virgen María  
889,68,SANTANDER,68370,JORDÁN,Municipio,"-73,096053","6,732727",SANTANDERJORDÁN,Origen Religioso,Por el río bíblico Jordán  
890,68,SANTANDER,68377,LA BELLEZA,Municipio,"-73,965494","5,85925",SANTANDERLA BELLEZA,Otro Origen,Por lo hermoso del lugar; puesto así por el párroco durante la fundación
891,68,SANTANDER,68385,LANDÁZURI,Municipio,"-73,811359","6,218812",SANTANDERLANDÁZURI,Origen por nombre de una persona,Por José María Landázuri colono y fundador
892,68,SANTANDER,68397,LA PAZ,Municipio,"-73,58959","6,178509",SANTANDERLA PAZ,Otro Origen,Por el deseo de paz entre comunidades vecinas.
893,68,SANTANDER,68406,LEBRIJA,Municipio,"-73,219524","7,113351",SANTANDERLEBRIJA,Origen por nombre de una persona,Por Antonio de Lebrija nieto del humanista español
894,68,SANTANDER,68418,LOS SANTOS,Municipio,"-73,102739","6,755203",SANTANDERLOS SANTOS,Origen Religioso,Por pluralidad de santos católicos  
895,68,SANTANDER,68425,MACARAVITA,Municipio,"-72,593105","6,50658",SANTANDERMACARAVITA,Origen Indigena,"Nombre indígena muisca, significado incierto"
896,68,SANTANDER,68432,MÁLAGA,Municipio,"-72,732089","6,703081",SANTANDERMÁLAGA,Origen Europeo,En homenaje a Málaga  Andalucía España 
897,68,SANTANDER,68444,MATANZA,Municipio,"-73,015566","7,323175",SANTANDERMATANZA,Origen Indigena,En honor al cacique Matanza; no por masacre
898,68,SANTANDER,68464,MOGOTES,Municipio,"-72,969807","6,475246",SANTANDERMOGOTES,Origen Natural,Por los mogotes o colinas pronunciadas que rodean el municipio.
899,68,SANTANDER,68468,MOLAGAVITA,Municipio,"-72,809175","6,67432",SANTANDERMOLAGAVITA,Origen Indigena,"Nombre indígena muisca, población remota en la provincia García Rovira"
900,68,SANTANDER,68498,OCAMONTE,Municipio,"-73,122563","6,339988",SANTANDEROCAMONTE,Origen Indigena,Nombre de origen indígena local sin significado exacto conocido.
901,68,SANTANDER,68500,OIBA,Municipio,"-73,299791","6,26521",SANTANDEROIBA,Origen Indigena,Nombre de cacique local indígena
902,68,SANTANDER,68502,ONZAGA,Municipio,"-72,816766","6,344104",SANTANDERONZAGA,Origen Indigena,Del lenguaje guane que significa “lugar frío y ventoso”.
903,68,SANTANDER,68522,PALMAR,Municipio,"-73,29109","6,537789",SANTANDERPALMAR,Origen Natural,Por abundancia de palmas
904,68,SANTANDER,68524,PALMAS DEL SOCORRO,Municipio,"-73,287764","6,406139",SANTANDERPALMAS DEL SOCORRO,Origen Natural,Por palmas de la región
905,68,SANTANDER,68533,PÁRAMO,Municipio,"-73,17022","6,416811",SANTANDERPÁRAMO,Origen Natural,Por la vegetación de páramo característica de la región.
906,68,SANTANDER,68547,PIEDECUESTA,Municipio,"-73,054795","6,997245",SANTANDERPIEDECUESTA,Origen Indigena,Del muisca “piedra cerca de la quebrada o río”.
907,68,SANTANDER,68549,PINCHOTE,Municipio,"-73,174209","6,531552",SANTANDERPINCHOTE,Origen Indigena,De vocablos indígenas para lugar de lagunas.
908,68,SANTANDER,68572,PUENTE NACIONAL,Municipio,"-73,677567","5,878381",SANTANDERPUENTE NACIONAL,Otro Origen,Por el puente que une las regiones en un paso importante.
909,68,SANTANDER,68573,PUERTO PARRA,Municipio,"-74,056129","6,650785",SANTANDERPUERTO PARRA,Origen Natural,Por estar ubicado en la región del río Parra.
910,68,SANTANDER,68575,PUERTO WILCHES,Municipio,"-73,899909","7,344057",SANTANDERPUERTO WILCHES,Origen por nombre de una persona,En honor a una familia significativa local. líder local.
911,68,SANTANDER,68615,RIONEGRO,Municipio,"-73,150177","7,265014",SANTANDERRIONEGRO,Origen Natural,Por el río negro que aparece en la zona.
912,68,SANTANDER,68655,SABANA DE TORRES,Municipio,"-73,49906","7,391919",SANTANDERSABANA DE TORRES,Origen Natural,Por las sabanas en la zona y la geografía llana. colono fundador.
913,68,SANTANDER,68669,SAN ANDRÉS,Municipio,"-72,848864","6,811511",SANTANDERSAN ANDRÉS,Origen Religioso,Patrocinado por San Andrés apóstol  
914,68,SANTANDER,68673,SAN BENITO,Municipio,"-73,50907","6,126656",SANTANDERSAN BENITO,Origen Religioso,En honor a San Benito Abad
915,68,SANTANDER,68679,SAN GIL,Municipio,"-73,134776","6,551952",SANTANDERSAN GIL,Origen Religioso,En honor a San Gil  
916,68,SANTANDER,68682,SAN JOAQUÍN,Municipio,"-72,867638","6,427548",SANTANDERSAN JOAQUÍN,Origen Religioso,Por San Joaquín figura religiosa.
917,68,SANTANDER,68684,SAN JOSÉ DE MIRANDA,Municipio,"-72,733616","6,658995",SANTANDERSAN JOSÉ DE MIRANDA,Origen Religioso,Patrocinado por San José  
918,68,SANTANDER,68686,SAN MIGUEL,Municipio,"-72,644123","6,575315",SANTANDERSAN MIGUEL,Origen Religioso,En honor al Arcángel San Miguel  
919,68,SANTANDER,68689,SAN VICENTE DE CHUCURÍ,Municipio,"-73,411024","6,880383",SANTANDERSAN VICENTE DE CHUCURÍ,Origen Religioso,En honor a San Vicente Ferrer  
920,68,SANTANDER,68705,SANTA BÁRBARA,Municipio,"-72,907445","6,990996",SANTANDERSANTA BÁRBARA,Origen Religioso,En honor a Santa Bárbara  
921,68,SANTANDER,68720,SANTA HELENA DEL OPÓN,Municipio,"-73,616716","6,339565",SANTANDERSANTA HELENA DEL OPÓN,Origen Religioso,En honor a Santa Helena de Constantinopla  
922,68,SANTANDER,68745,SIMACOTA,Municipio,"-73,337368","6,443469",SANTANDERSIMACOTA,Origen Indigena,De origen indígenas guane.
923,68,SANTANDER,68755,SOCORRO,Municipio,"-73,261198","6,46387",SANTANDERSOCORRO,Origen Religioso,En honor a la Virgen del Socorro  
924,68,SANTANDER,68770,SUAITA,Municipio,"-73,44165","6,101329",SANTANDERSUAITA,0,
925,68,SANTANDER,68773,SUCRE,Municipio,"-73,790975","5,918743",SANTANDERSUCRE,Origen por nombre de una persona,En honor al prócer Antonio José de Sucre.
926,68,SANTANDER,68780,SURATÁ,Municipio,"-72,984232","7,36658",SANTANDERSURATÁ,Origen Indigena,"Nombre indígena, pueblo en la provincia de Soto Norte, con presencia histórica de la cultura indígena"
927,68,SANTANDER,68820,TONA,Municipio,"-72,967023","7,201417",SANTANDERTONA,Origen Indigena,Del pueblo guane.
928,68,SANTANDER,68855,VALLE DE SAN JOSÉ,Municipio,"-73,143507","6,448028",SANTANDERVALLE DE SAN JOSÉ,Origen Religioso,Patrocinado por San José  
929,68,SANTANDER,68861,VÉLEZ,Municipio,"-73,672447","6,009275",SANTANDERVÉLEZ,Origen Europeo,Por Vélez  España 
930,68,SANTANDER,68867,VETAS,Municipio,"-72,871041","7,30981",SANTANDERVETAS,Origen Natural,Por sus vetas de minerales en minas.
931,68,SANTANDER,68872,VILLANUEVA,Municipio,"-73,174307","6,670078",SANTANDERVILLANUEVA,Otro Origen,Por su reciente fundación.
932,68,SANTANDER,68895,ZAPATOCA,Municipio,"-73,268034","6,814387",SANTANDERZAPATOCA,Origen Indigena,"Toponimia guane, nombre del cacique Zapatoca"
933,70,SUCRE,70001,SINCELEJO,Municipio,"-75,395445","9,302322",SUCRESINCELEJO,Origen Indigena,"Diminutivo de ""Since"""
934,70,SUCRE,70110,BUENAVISTA,Municipio,"-74,972827","9,319794",SUCREBUENAVISTA,Origen Natural,Por los hermosos paisajes que se pueden ver desde allí.
935,70,SUCRE,70124,CAIMITO,Municipio,"-75,117141","8,789324",SUCRECAIMITO,Origen Natural,Por el árbol caimito (Chrysophyllum cainito
936,70,SUCRE,70204,COLOSÓ,Municipio,"-75,353256","9,494192",SUCRECOLOSÓ,Origen Indigena,Nombre indígena local sin significado claro.
937,70,SUCRE,70215,COROZAL,Municipio,"-75,293048","9,318749",SUCRECOROZAL,Origen Indigena,Nombre indígena con significado posible
938,70,SUCRE,70221,COVEÑAS,Municipio,"-75,680158","9,402779",SUCRECOVEÑAS,Origen Europeo,Por hacienda que deriva de Cobeña  Madrid España 
939,70,SUCRE,70230,CHALÁN,Municipio,"-75,312697","9,545352",SUCRECHALÁN,Origen Indigena,Nombre relacionado a población indígena precolombina.
940,70,SUCRE,70233,EL ROBLE,Municipio,"-75,198378","9,100647",SUCREEL ROBLE,Origen Natural,Por los árboles de roble que había en el área.
941,70,SUCRE,70235,GALERAS,Municipio,"-75,04959","9,160379",SUCREGALERAS,Origen Natural,Por los cerros o galerías de montañas de la zona.
942,70,SUCRE,70265,GUARANDA,Municipio,"-74,537749","8,468556",SUCREGUARANDA,Origen Indigena,Por el pueblo indígena guaranda o topónimo ancestral
943,70,SUCRE,70400,LA UNIÓN,Municipio,"-75,276056","8,853975",SUCRELA UNIÓN,Otro Origen,Por el acuerdo o unión de comunidades en la región.
944,70,SUCRE,70418,LOS PALMITOS,Municipio,"-75,268716","9,380269",SUCRELOS PALMITOS,Origen Natural,Por el palmar de Sabal mauritiiformis
945,70,SUCRE,70429,MAJAGUAL,Municipio,"-74,628077","8,541163",SUCREMAJAGUAL,Origen Natural,Por el árbol majagua (origen taíno)
946,70,SUCRE,70473,MORROA,Municipio,"-75,305949","9,331395",SUCREMORROA,Origen Indigena,Nombre de la etnia indígena Morúa o de palabra local.
947,70,SUCRE,70508,OVEJAS,Municipio,"-75,229037","9,527176",SUCREOVEJAS,Origen Natural,Por abundancia de ovejas y nombre previo de hacienda
948,70,SUCRE,70523,PALMITO,Municipio,"-75,541264","9,333157",SUCREPALMITO,Origen Natural,Por la abundancia de palmas pequeñas o “palmitos” en la zona.
949,70,SUCRE,70670,SAMPUÉS,Municipio,"-75,380222","9,183193",SUCRESAMPUÉS,Origen Indigena,Nombre indígena relacionado con poblaciones ancestrales.
950,70,SUCRE,70678,SAN BENITO ABAD,Municipio,"-75,031089","8,930108",SUCRESAN BENITO ABAD,Origen Religioso,En honor a San Benito Abad cascada emblemática.
951,70,SUCRE,70702,SAN JUAN DE BETULIA,Municipio,"-75,243565","9,273066",SUCRESAN JUAN DE BETULIA,Origen Religioso,Por ciudad bíblica de Betulia  
952,70,SUCRE,70708,SAN MARCOS,Municipio,"-75,133831","8,661774",SUCRESAN MARCOS,Origen Religioso,En honor a San Marcos  
953,70,SUCRE,70713,SAN ONOFRE,Municipio,"-75,522398","9,736955",SUCRESAN ONOFRE,Origen Religioso,En honor a San Onofre  
954,70,SUCRE,70717,SAN PEDRO,Municipio,"-75,063647","9,39625",SUCRESAN PEDRO,Origen Religioso,En honor a San Pedro apóstol  
955,70,SUCRE,70742,SAN LUIS DE SINCÉ,Municipio,"-75,145999","9,244308",SUCRESAN LUIS DE SINCÉ,Origen Religioso,Por San Luis
956,70,SUCRE,70771,SUCRE,Municipio,"-74,723175","8,811737",SUCRESUCRE,Origen por nombre de una persona,En honor a Antonio José de Sucre.
957,70,SUCRE,70820,SANTIAGO DE TOLÚ,Municipio,"-75,581112","9,525387",SUCRESANTIAGO DE TOLÚ,Origen Religioso,Por Santiago Apóstol y la gente tolú. patrona local.
958,70,SUCRE,70823,SAN JOSÉ DE TOLUVIEJO,Municipio,"-75,44085","9,451819",SUCRESAN JOSÉ DE TOLUVIEJO,Origen Religioso,En honor a San José. uno de los abuelos de Jesús.
959,73,TOLIMA,73001,IBAGUÉ,Municipio,"-75,19425","4,432248",TOLIMAIBAGUÉ,Origen Indigena,Nombre pijao que alude a un cacique o mujer indígena
960,73,TOLIMA,73024,ALPUJARRA,Municipio,"-74,9329","3,391548",TOLIMAALPUJARRA,Origen Europeo,En homenaje a La Alpujarra  Andalucía España 
961,73,TOLIMA,73026,ALVARADO,Municipio,"-74,953418","4,567356",TOLIMAALVARADO,Origen por nombre de una persona,En honor a Pedro de Alvarado capitán de conquista
962,73,TOLIMA,73030,AMBALEMA,Municipio,"-74,764429","4,782682",TOLIMAAMBALEMA,Origen Indigena,Nombre panche
963,73,TOLIMA,73043,ANZOÁTEGUI,Municipio,"-75,093772","4,631756",TOLIMAANZOÁTEGUI,Origen por nombre de una persona,En honor a José Antonio Anzoátegui héroe de Boyacá
964,73,TOLIMA,73055,ARMERO,Municipio,"-74,884438","5,030744",TOLIMAARMERO,Origen por nombre de una persona,Por José León Armero prócer de independencia
965,73,TOLIMA,73067,ATACO,Municipio,"-75,382545","3,590591",TOLIMAATACO,Origen Indigena,Nombre indígena pijao que significa 'lugar de laguna seca'
966,73,TOLIMA,73124,CAJAMARCA,Municipio,"-75,431971","4,438812",TOLIMACAJAMARCA,Origen Europeo,Por ciudad Cajamarca  Perú 
967,73,TOLIMA,73148,CARMEN DE APICALÁ,Municipio,"-74,717633","4,152334",TOLIMACARMEN DE APICALÁ,Origen Religioso,En honor a la Virgen del Carmen  
968,73,TOLIMA,73152,CASABIANCA,Municipio,"-75,120966","5,078465",TOLIMACASABIANCA,Origen por nombre de una persona,Por general Manuel Casabianca
969,73,TOLIMA,73168,CHAPARRAL,Municipio,"-75,480765","3,722918",TOLIMACHAPARRAL,Origen Natural,Por el arbusto chaparro (Curatella americana)
970,73,TOLIMA,73200,COELLO,Municipio,"-74,898464","4,287276",TOLIMACOELLO,Origen Indigena,"Nombre indígena, asentamiento de origen pijao"
971,73,TOLIMA,73217,COYAIMA,Municipio,"-75,193862","3,798036",TOLIMACOYAIMA,Origen Indigena,Nombre del cacique indígena Coyaima.
972,73,TOLIMA,73226,CUNDAY,Municipio,"-74,692227","4,059259",TOLIMACUNDAY,Origen Indigena,"Nombre panche, pueblo histórico en las tierras llanas"
973,73,TOLIMA,73236,DOLORES,Municipio,"-74,896761","3,539072",TOLIMADOLORES,Origen Religioso,En honor a Nuestra Señora de los Dolores.
974,73,TOLIMA,73268,ESPINAL,Municipio,"-74,885446","4,151314",TOLIMAESPINAL,Origen Indigena,"Nombre de origen indígena pijao, aunque significado incierto"
975,73,TOLIMA,73270,FALAN,Municipio,"-74,953007","5,123104",TOLIMAFALAN,Origen por nombre de una persona,Por Diego Fallon Carrión ingeniero y poeta
976,73,TOLIMA,73275,FLANDES,Municipio,"-74,818763","4,276373",TOLIMAFLANDES,Origen Europeo,Por región de Flandes (hoy Bélgica/Francia)  
977,73,TOLIMA,73283,FRESNO,Municipio,"-75,035722","5,153576",TOLIMAFRESNO,Origen Natural,Por los árboles de fresno de la región.
978,73,TOLIMA,73319,GUAMO,Municipio,"-74,968135","4,030992",TOLIMAGUAMO,Origen Natural,Por el árbol guamo (Inga spuria)
979,73,TOLIMA,73347,HERVEO,Municipio,"-75,177151","5,080228",TOLIMAHERVEO,Origen Indigena,De la voz indígena Herveo
980,73,TOLIMA,73349,HONDA,Municipio,"-74,75699","5,211816",TOLIMAHONDA,Origen Indigena,Nombre colonial con precedente indígena panche
981,73,TOLIMA,73352,ICONONZO,Municipio,"-74,531969","4,176487",TOLIMAICONONZO,Origen Indigena,Nombre pijao que significa 'laguna del tigre'
982,73,TOLIMA,73408,LÉRIDA,Municipio,"-74,910716","4,862046",TOLIMALÉRIDA,Origen Europeo,Por Lérida  España 
983,73,TOLIMA,73411,LÍBANO,Municipio,"-75,061959","4,92042",TOLIMALÍBANO,Origen Europeo,En referencia al país Líbano  
984,73,TOLIMA,73443,SAN SEBASTIÁN DE MARIQUITA,Municipio,"-74,889276","5,199708",TOLIMASAN SEBASTIÁN DE MARIQUITA,Origen Religioso,Por San Sebastián santo católico.
985,73,TOLIMA,73449,MELGAR,Municipio,"-74,641317","4,203655",TOLIMAMELGAR,Origen por nombre de una persona,En homenaje a José María Melgar
986,73,TOLIMA,73461,MURILLO,Municipio,"-75,171022","4,874341",TOLIMAMURILLO,Origen por nombre de una persona,Por expresidente Manuel Murillo Toro
987,73,TOLIMA,73483,NATAGAIMA,Municipio,"-75,093182","3,624324",TOLIMANATAGAIMA,Origen Indigena,Por los pueblos indígenas nataga y gaima prócer de la independencia.
988,73,TOLIMA,73504,ORTEGA,Municipio,"-75,222601","3,934916",TOLIMAORTEGA,Origen por nombre de una persona,En honor al capitán Juan de Ortega y Carrillo
989,73,TOLIMA,73520,PALOCABILDO,Municipio,"-75,022167","5,120918",TOLIMAPALOCABILDO,Otro Origen,Por una reunión de cabildo debajo de un palo
990,73,TOLIMA,73547,PIEDRAS,Municipio,"-74,878106","4,543951",TOLIMAPIEDRAS,Origen Natural,Por las formaciones rocosas que caracterizan el territorio.
991,73,TOLIMA,73555,PLANADAS,Municipio,"-75,644163","3,197911",TOLIMAPLANADAS,Origen Natural,Por sus amplias planicies agrícolas.
992,73,TOLIMA,73563,PRADO,Municipio,"-74,927447","3,750939",TOLIMAPRADO,Origen Natural,Por las praderas o pastizales del lugar.
993,73,TOLIMA,73585,PURIFICACIÓN,Municipio,"-74,935555","3,857246",TOLIMAPURIFICACIÓN,Origen Religioso,En referencia a la Purificación de la Virgen María.
994,73,TOLIMA,73616,RIOBLANCO,Municipio,"-75,644069","3,529932",TOLIMARIOBLANCO,Origen Natural,Por el río blanco que cruza el municipio.
995,73,TOLIMA,73622,RONCESVALLES,Municipio,"-75,605959","4,011567",TOLIMARONCESVALLES,Origen Europeo,Por Roncesvalles  Francia 
996,73,TOLIMA,73624,ROVIRA,Municipio,"-75,240648","4,239019",TOLIMAROVIRA,Origen por nombre de una persona,Por Custodio García Rovira líder y general
997,73,TOLIMA,73671,SALDAÑA,Municipio,"-75,016852","3,929815",TOLIMASALDAÑA,Origen por nombre de una persona,Por soldado Saldaña que murió ahogado en el río local
998,73,TOLIMA,73675,SAN ANTONIO,Municipio,"-75,480074","3,914146",TOLIMASAN ANTONIO,Origen Religioso,En honor a San Antonio
999,73,TOLIMA,73678,SAN LUIS,Municipio,"-75,095804","4,133721",TOLIMASAN LUIS,Origen Religioso,En honor a San Luis Gonzaga  
1000,73,TOLIMA,73686,SANTA ISABEL,Municipio,"-75,097934","4,713606",TOLIMASANTA ISABEL,Origen Religioso,En honor a Santa Isabel (Hungría)  
1001,73,TOLIMA,73770,SUÁREZ,Municipio,"-74,831885","4,048891",TOLIMASUÁREZ,Origen por nombre de una persona,Por Marco Fidel Suárez presidente
1002,73,TOLIMA,73854,VALLE DE SAN JUAN,Municipio,"-75,115669","4,197494",TOLIMAVALLE DE SAN JUAN,Origen Religioso,En honor a San Juan  
1003,73,TOLIMA,73861,VENADILLO,Municipio,"-74,929333","4,717878",TOLIMAVENADILLO,Origen Natural,Abundancia de venados en la zona
1004,73,TOLIMA,73870,VILLAHERMOSA,Municipio,"-75,117729","5,030452",TOLIMAVILLAHERMOSA,Otro Origen,Por ser una villa “hermosa” (bella
1005,73,TOLIMA,73873,VILLARRICA,Municipio,"-74,600285","3,936902",TOLIMAVILLARRICA,Otro Origen,Por “villa rica” en recursos
1006,76,VALLE DEL CAUCA,76001,SANTIAGO DE CALI,Municipio,"-76,52133","3,413686",VALLE DEL CAUCASANTIAGO DE CALI,Origen Religioso,Por Santiago Apóstol y distrito Cali
1007,76,VALLE DEL CAUCA,76020,ALCALÁ,Municipio,"-75,779792","4,674994",VALLE DEL CAUCAALCALÁ,Origen Europeo,Nombrado por Alcalá de Henares en España  
1008,76,VALLE DEL CAUCA,76036,ANDALUCÍA,Municipio,"-76,167925","4,171713",VALLE DEL CAUCAANDALUCÍA,Origen Europeo,En homenaje a la región Andalucía  España 
1009,76,VALLE DEL CAUCA,76041,ANSERMANUEVO,Municipio,"-75,992003","4,794984",VALLE DEL CAUCAANSERMANUEVO,0,
1010,76,VALLE DEL CAUCA,76054,ARGELIA,Municipio,"-76,119905","4,726945",VALLE DEL CAUCAARGELIA,Origen Europeo,Por Argelia  país del norte de África 
1011,76,VALLE DEL CAUCA,76100,BOLÍVAR,Municipio,"-76,183583","4,337846",VALLE DEL CAUCABOLÍVAR,Origen por nombre de una persona,En honor a Simón Bolívar Libertador de Colombia.
1012,76,VALLE DEL CAUCA,76109,BUENAVENTURA,Municipio,"-77,01074","3,875708",VALLE DEL CAUCABUENAVENTURA,Origen Religioso,Por San Buenaventura  santo franciscano 
1013,76,VALLE DEL CAUCA,76111,GUADALAJARA DE BUGA,Municipio,"-76,298979","3,900736",VALLE DEL CAUCAGUADALAJARA DE BUGA,Origen Europeo,Por la ciudad de Guadalajara en España y el río Buga.
1014,76,VALLE DEL CAUCA,76113,BUGALAGRANDE,Municipio,"-76,15682","4,208358",VALLE DEL CAUCABUGALAGRANDE,Origen Indigena,Nombre con posible origen indígena mezclado con voces españolas
1015,76,VALLE DEL CAUCA,76122,CAICEDONIA,Municipio,"-75,830594","4,334808",VALLE DEL CAUCACAICEDONIA,Origen Indigena,"Nombre derivado de una familia española, sin significado indígena"
1016,76,VALLE DEL CAUCA,76126,CALIMA,Municipio,"-76,484132","3,933664",VALLE DEL CAUCACALIMA,Origen Indigena,Designa a una antigua cultura del Valle del Cauca relacionada con 'bruma' o 'neblina' que cubre la llanura del Pacífico
1017,76,VALLE DEL CAUCA,76130,CANDELARIA,Municipio,"-76,346519","3,408354",VALLE DEL CAUCACANDELARIA,Origen Religioso,En honor a la Virgen de la Candelaria  
1018,76,VALLE DEL CAUCA,76147,CARTAGO,Municipio,"-75,924374","4,742192",VALLE DEL CAUCACARTAGO,Origen Indigena,"Nombre colonial, región prehispánica con asentamientos indígenas"
1019,76,VALLE DEL CAUCA,76233,DAGUA,Municipio,"-76,68886","3,657318",VALLE DEL CAUCADAGUA,Origen Indigena,"Recibe el nombre del río Dagua, cuyo significado se desconoce"
1020,76,VALLE DEL CAUCA,76243,EL ÁGUILA,Municipio,"-76,042779","4,906062",VALLE DEL CAUCAEL ÁGUILA,Origen Natural,Por la presencia del ave águila en la región.
1021,76,VALLE DEL CAUCA,76246,EL CAIRO,Municipio,"-76,221611","4,760874",VALLE DEL CAUCAEL CAIRO,Origen Europeo,Por El Cairo  Egipto 
1022,76,VALLE DEL CAUCA,76248,EL CERRITO,Municipio,"-76,311972","3,684229",VALLE DEL CAUCAEL CERRITO,Origen Natural,Por las lomas o cerritos que rodean la localidad.
1023,76,VALLE DEL CAUCA,76250,EL DOVIO,Municipio,"-76,237084","4,510452",VALLE DEL CAUCAEL DOVIO,Origen Natural,Por topografía con desniveles
1024,76,VALLE DEL CAUCA,76275,FLORIDA,Municipio,"-76,234199","3,324118",VALLE DEL CAUCAFLORIDA,Origen Natural,Por las flores y vegetación
1025,76,VALLE DEL CAUCA,76306,GINEBRA,Municipio,"-76,268068","3,724181",VALLE DEL CAUCAGINEBRA,Origen Europeo,Por Ginebra  Suiza 
1026,76,VALLE DEL CAUCA,76318,GUACARÍ,Municipio,"-76,330911","3,761815",VALLE DEL CAUCAGUACARÍ,Origen Indigena,Palabra que significa “río de los guacas” en lengua indígena local. una hierba que cubría la zona.
1027,76,VALLE DEL CAUCA,76364,JAMUNDÍ,Municipio,"-76,538472","3,258751",VALLE DEL CAUCAJAMUNDÍ,Origen Indigena,Por el cacique Jamundí del pueblo jamundí. pueblo indígena local.
1028,76,VALLE DEL CAUCA,76377,LA CUMBRE,Municipio,"-76,56805","3,649268",VALLE DEL CAUCALA CUMBRE,Origen Natural,Por ubicarse en la cima de la cordillera.
1029,76,VALLE DEL CAUCA,76400,LA UNIÓN,Municipio,"-76,099661","4,533869",VALLE DEL CAUCALA UNIÓN,Otro Origen,En referencia a la unión de caminos/corrientes de agua.
1030,76,VALLE DEL CAUCA,76403,LA VICTORIA,Municipio,"-76,036529","4,523603",VALLE DEL CAUCALA VICTORIA,Otro Origen,Como conmemoración a un éxito fundacional o agrícola.
1031,76,VALLE DEL CAUCA,76497,OBANDO,Municipio,"-75,974709","4,575712",VALLE DEL CAUCAOBANDO,Origen por nombre de una persona,Por José María Obando presidente de la República
1032,76,VALLE DEL CAUCA,76520,PALMIRA,Municipio,"-76,298846","3,531544",VALLE DEL CAUCAPALMIRA,Origen Natural,Por abundancia de palmas
1033,76,VALLE DEL CAUCA,76563,PRADERA,Municipio,"-76,241799","3,419793",VALLE DEL CAUCAPRADERA,Origen Natural,Por las praderas de la zona
1034,76,VALLE DEL CAUCA,76606,RESTREPO,Municipio,"-76,523329","3,821351",VALLE DEL CAUCARESTREPO,Origen por nombre de una persona,Por Carlos E. Restrepo presidente
1035,76,VALLE DEL CAUCA,76616,RIOFRÍO,Municipio,"-76,288313","4,156908",VALLE DEL CAUCARIOFRÍO,Origen Natural,Por el río frío de la región.
1036,76,VALLE DEL CAUCA,76622,ROLDANILLO,Municipio,"-76,152277","4,413601",VALLE DEL CAUCAROLDANILLO,Origen por nombre de una persona,Por Juan Roldán militar.
1037,76,VALLE DEL CAUCA,76670,SAN PEDRO,Municipio,"-76,228692","3,995073",VALLE DEL CAUCASAN PEDRO,Origen Religioso,En honor a San Pedro apóstol  
1038,76,VALLE DEL CAUCA,76736,SEVILLA,Municipio,"-75,931629","4,270714",VALLE DEL CAUCASEVILLA,Origen Europeo,En homenaje a Sevilla  Andalucía España 
1039,76,VALLE DEL CAUCA,76823,TORO,Municipio,"-76,076859","4,608085",VALLE DEL CAUCATORO,Origen Europeo,Por Toro  España 
1040,76,VALLE DEL CAUCA,76828,TRUJILLO,Municipio,"-76,318818","4,212037",VALLE DEL CAUCATRUJILLO,Origen por nombre de una persona,Por Julián Trujillo Largacha presidente del Cauca
1041,76,VALLE DEL CAUCA,76834,TULUÁ,Municipio,"-76,197731","4,085399",VALLE DEL CAUCATULUÁ,Origen Indigena,Nombre indígena que significa “río de la palma”.
1042,76,VALLE DEL CAUCA,76845,ULLOA,Municipio,"-75,737808","4,703623",VALLE DEL CAUCAULLOA,Origen por nombre de una persona,Por Juan Eleuterio Ulloa militar liberal
1043,76,VALLE DEL CAUCA,76863,VERSALLES,Municipio,"-76,199203","4,575019",VALLE DEL CAUCAVERSALLES,Origen Europeo,Por Versalles  Francia 
1044,76,VALLE DEL CAUCA,76869,VIJES,Municipio,"-76,441804","3,698686",VALLE DEL CAUCAVIJES,Origen Natural,Por el cultivo de achiote (“vija”) en lengua indígena
1045,76,VALLE DEL CAUCA,76890,YOTOCO,Municipio,"-76,382698","3,861241",VALLE DEL CAUCAYOTOCO,Origen Indigena,Nombre indígena local.
1046,76,VALLE DEL CAUCA,76892,YUMBO,Municipio,"-76,499893","3,540097",VALLE DEL CAUCAYUMBO,Origen Indigena,Nombre indígena de la región.
1047,76,VALLE DEL CAUCA,76895,ZARZAL,Municipio,"-76,070795","4,392658",VALLE DEL CAUCAZARZAL,Origen Natural,Por el arbusto zarzal (lugar de zarzas)
1048,81,ARAUCA,81001,ARAUCA,Municipio,"-70,747408","7,072726",ARAUCAARAUCA,Origen Indigena,Nombre indígena relacionado con el bramido del río al llegar a la llanura
1049,81,ARAUCA,81065,ARAUQUITA,Municipio,"-71,426733","7,02702",ARAUCAARAUQUITA,Origen Indigena,Disminutivo de Arauca; de allí la etnia-pueblo y el río
1050,81,ARAUCA,81220,CRAVO NORTE,Municipio,"-70,204286","6,303913",ARAUCACRAVO NORTE,Origen Indigena,Del vocablo indígena “cravo” que significa “río de mucha agua”.
1051,81,ARAUCA,81300,FORTUL,Municipio,"-71,76877","6,796695",ARAUCAFORTUL,Origen por nombre de una persona,Por coronel Pedro Fortoul
1052,81,ARAUCA,81591,PUERTO RONDÓN,Municipio,"-71,10339","6,281461",ARAUCAPUERTO RONDÓN,Origen por nombre de una persona,En honor a Juan José Rondón prócer de independencia
1053,81,ARAUCA,81736,SARAVENA,Municipio,"-71,872812","6,953926",ARAUCASARAVENA,Origen Indigena,Nombre de origen indígena araucano.
1054,81,ARAUCA,81794,TAME,Municipio,"-71,754427","6,453324",ARAUCATAME,Origen Indigena,Nombre de un cacique indígena local
1055,85,CASANARE,85001,YOPAL,Municipio,"-72,396132","5,327102",CASANAREYOPAL,Origen Indigena,Nombre indígena de los llanos
1056,85,CASANARE,85010,AGUAZUL,Municipio,"-72,546838","5,172641",CASANAREAGUAZUL,Origen Natural,Por abundancia de agua en la jurisdicción
1057,85,CASANARE,85015,CHÁMEZA,Municipio,"-72,87016","5,214527",CASANARECHÁMEZA,Origen Indigena,"Nombre indígena, farallones homónimos, etnia muisca"
1058,85,CASANARE,85125,HATO COROZAL,Municipio,"-71,764213","6,154099",CASANAREHATO COROZAL,Origen Natural,Por los hatos y abundancia de palmas de corozo.
1059,85,CASANARE,85136,LA SALINA,Municipio,"-72,334978","6,127762",CASANARELA SALINA,Origen Natural,Por la existencia de salinas naturales en la zona. que recuerdan la primavera.
1060,85,CASANARE,85139,MANÍ,Municipio,"-72,281384","4,81681",CASANAREMANÍ,Origen Indigena,Por el cacique Maní o el fruto del maní silvestre en la región.
1061,85,CASANARE,85162,MONTERREY,Municipio,"-72,894065","4,877017",CASANAREMONTERREY,Origen Europeo,Por Monterrey  México 
1062,85,CASANARE,85225,NUNCHÍA,Municipio,"-72,195323","5,636474",CASANARENUNCHÍA,Origen Indigena,'Río verde' en lengua sáliba
1063,85,CASANARE,85230,OROCUÉ,Municipio,"-71,338533","4,790258",CASANAREOROCUÉ,Origen Indigena,Por su ubicación en zona de ríos y llanuras pantanosas indígenas.
1064,85,CASANARE,85250,PAZ DE ARIPORO,Municipio,"-71,890348","5,879827",CASANAREPAZ DE ARIPORO,Origen Indigena,Nombre de la virgen patrona y término indígena 'are'
1065,85,CASANARE,85263,PORE,Municipio,"-71,99286","5,72773",CASANAREPORE,Origen Indigena,Por palabra indígena local derivada de comunidades nativas.
1066,85,CASANARE,85279,RECETOR,Municipio,"-72,760991","5,229181",CASANARERECETOR,Origen Indigena,Nombre de raíz indígena local.
1067,85,CASANARE,85300,SABANALARGA,Municipio,"-73,038696","4,854787",CASANARESABANALARGA,Origen Natural,Por la extensa sabana que caracteriza el territorio.
1068,85,CASANARE,85315,SÁCAMA,Municipio,"-72,250157","6,096738",CASANARESÁCAMA,Origen Indigena,Del nombre de uno de los caciques indígenas. nombre de un cacique o lugar indígena.
1069,85,CASANARE,85325,SAN LUIS DE PALENQUE,Municipio,"-71,732198","5,422397",CASANARESAN LUIS DE PALENQUE,Origen Religioso,En honor a San Luis  
1070,85,CASANARE,85400,TÁMARA,Municipio,"-72,16165","5,829543",CASANARETÁMARA,Origen Europeo,Por Támara  España 
1071,85,CASANARE,85410,TAURAMENA,Municipio,"-72,74662","5,018977",CASANARETAURAMENA,Origen Indigena,Nombre de origen indígena llanero.
1072,85,CASANARE,85430,TRINIDAD,Municipio,"-71,662812","5,412178",CASANARETRINIDAD,Origen Religioso,Por la Santísima Trinidad  
1073,85,CASANARE,85440,VILLANUEVA,Municipio,"-72,927797","4,61035",CASANAREVILLANUEVA,Otro Origen,Por ser una villa nueva.
1074,86,PUTUMAYO,86001,MOCOA,Municipio,"-76,654238","1,151172",PUTUMAYOMOCOA,Origen Indigena,"Nombre indígena desvirtuado, inicialmente del afluente Mocoa"
1075,86,PUTUMAYO,86219,COLÓN,Municipio,"-76,972566","1,190133",PUTUMAYOCOLÓN,Origen por nombre de una persona,En honor a Cristóbal Colón
1076,86,PUTUMAYO,86320,ORITO,Municipio,"-76,873276","0,663593",PUTUMAYOORITO,Origen Indigena,Por la presencia de oro en el río y la riqueza natural.
1077,86,PUTUMAYO,86568,PUERTO ASÍS,Municipio,"-76,496887","0,505627",PUTUMAYOPUERTO ASÍS,Origen Europeo,Por Asís  Italia 
1078,86,PUTUMAYO,86569,PUERTO CAICEDO,Municipio,"-76,606118","0,687784",PUTUMAYOPUERTO CAICEDO,Origen por nombre de una persona,En homenaje al ingeniero Juan María Caicedo Martínez
1079,86,PUTUMAYO,86571,PUERTO GUZMÁN,Municipio,"-76,407663","0,962854",PUTUMAYOPUERTO GUZMÁN,Origen por nombre de una persona,En homenaje a Jorge Julio Guzmán
1080,86,PUTUMAYO,86573,PUERTO LEGUÍZAMO,Municipio,"-74,781842","-0,192318",PUTUMAYOPUERTO LEGUÍZAMO,Origen por nombre de una persona,En homenaje a Cándido Leguízamo
1081,86,PUTUMAYO,86749,SIBUNDOY,Municipio,"-76,917814","1,20026",PUTUMAYOSIBUNDOY,Origen Indigena,Por etnias indígenas Sibundoy.
1082,86,PUTUMAYO,86755,SAN FRANCISCO,Municipio,"-76,879283","1,174194",PUTUMAYOSAN FRANCISCO,Origen Religioso,En honor a San Francisco de Asís  
1083,86,PUTUMAYO,86757,SAN MIGUEL,Municipio,"-76,91217","0,34346",PUTUMAYOSAN MIGUEL,Origen Religioso,En honor al Arcángel San Miguel  
1084,86,PUTUMAYO,86760,SANTIAGO,Municipio,"-77,002641","1,147076",PUTUMAYOSANTIAGO,Origen Religioso,En honor al Apóstol Santiago  
1085,86,PUTUMAYO,86865,VALLE DEL GUAMUEZ,Municipio,"-76,906751","0,423506",PUTUMAYOVALLE DEL GUAMUEZ,Origen Indigena,Nombre de origen indígena
1086,86,PUTUMAYO,86885,VILLAGARZÓN,Municipio,"-76,61721","1,028821",PUTUMAYOVILLAGARZÓN,Origen por nombre de una persona,Por el apellido Garzón.
1087,88,"ARCHIPIÉLAGO DE SAN ANDRÉS, PROVIDENCIA Y SANTA CATALINA",88001,SAN ANDRÉS,Isla,"-81,707181","12,578108","ARCHIPIÉLAGO DE SAN ANDRÉS, PROVIDENCIA Y SANTA CATALINASAN ANDRÉS",Origen Religioso,Origen Religioso
1088,88,"ARCHIPIÉLAGO DE SAN ANDRÉS, PROVIDENCIA Y SANTA CATALINA",88564,PROVIDENCIA,Municipio,"-81,368386","13,373185","ARCHIPIÉLAGO DE SAN ANDRÉS, PROVIDENCIA Y SANTA CATALINAPROVIDENCIA",Origen Religioso,Origen Religioso
1089,91,AMAZONAS,91001,LETICIA,Municipio,"-69,941721","-4,19895",AMAZONASLETICIA,Origen Indigena,Nombre indígena ticuna o yagua
1090,91,AMAZONAS,91263,EL ENCANTO,Área no municipalizada,"-73,207114","-1,74806",AMAZONASEL ENCANTO,Origen Natural,Por la belleza natural que sorprendió a quienes lo fundaron.
1091,91,AMAZONAS,91405,LA CHORRERA,Área no municipalizada,"-72,791889","-1,442617",AMAZONASLA CHORRERA,Origen Natural,Por las numerosas cascadas o chorreras del río.
1092,91,AMAZONAS,91407,LA PEDRERA,Área no municipalizada,"-69,585499","-1,320301",AMAZONASLA PEDRERA,Origen Natural,Por la presencia de muchas piedras o zonas pedregosas.
1093,91,AMAZONAS,91430,LA VICTORIA,Área no municipalizada,"-71,223208","0,054936",AMAZONASLA VICTORIA,Otro Origen,Por la victoria de un hito exploratorio o de colonización.
1094,91,AMAZONAS,91460,MIRITÍ - PARANÁ,Área no municipalizada,"-70,98893","-0,888833",AMAZONASMIRITÍ - PARANÁ,Origen Indigena,Por las etnias Mirití y el río Paraná en la zona. nombre dado por colonos.
1095,91,AMAZONAS,91530,PUERTO ALEGRÍA,Área no municipalizada,"-74,014461","-1,005674",AMAZONASPUERTO ALEGRÍA,Origen Natural,Nombrado por la alegría de su fundación en territorio amazónico.
1096,91,AMAZONAS,91536,PUERTO ARICA,Área no municipalizada,"-71,752186","-2,147039",AMAZONASPUERTO ARICA,Origen por nombre de una persona,En honor a personas o la ciudad chilena de Arica.
1097,91,AMAZONAS,91540,PUERTO NARIÑO,Municipio,"-70,364937","-3,779934",AMAZONASPUERTO NARIÑO,Origen por nombre de una persona,Por Antonio Nariño
1098,91,AMAZONAS,91669,PUERTO SANTANDER,Área no municipalizada,"-72,384213","-0,621184",AMAZONASPUERTO SANTANDER,Origen por nombre de una persona,En honor a Francisco de Paula Santander. prócer colombiano.
1099,91,AMAZONAS,91798,TARAPACÁ,Área no municipalizada,"-69,741745","-2,890126",AMAZONASTARAPACÁ,Origen Indigena,Por el nombre indígena de la zona.
1100,94,GUAINÍA,94001,INÍRIDA,Municipio,"-67,918613","3,866764",GUAINÍAINÍRIDA,Origen Indigena,Por la cacica Inírida leyenda local
1101,94,GUAINÍA,94343,BARRANCOMINAS,Municipio,"-69,814066","3,494178",GUAINÍABARRANCOMINAS,Otro Origen,Por minas en los barrancos del área
1102,94,GUAINÍA,94883,SAN FELIPE,Área no municipalizada,"-67,067848","1,912495",GUAINÍASAN FELIPE,Origen Religioso,En honor a San Felipe santo patrón.
1103,94,GUAINÍA,94884,PUERTO COLOMBIA,Área no municipalizada,"-67,566774","2,726438",GUAINÍAPUERTO COLOMBIA,Origen Natural,Por ser un puerto fluvial en territorio de Guainía.
1104,94,GUAINÍA,94885,LA GUADALUPE,Área no municipalizada,"-66,963692","1,632464",GUAINÍALA GUADALUPE,Origen Religioso,En honor a la Virgen de Guadalupe.
1105,94,GUAINÍA,94886,CACAHUAL,Área no municipalizada,"-67,413312","3,52617",GUAINÍACACAHUAL,Origen Natural,Por la abundancia de árboles de cacao en la región.
1106,94,GUAINÍA,94887,PANA PANA,Área no municipalizada,"-69,0099","1,865668",GUAINÍAPANA PANA,Origen Indigena,Topónimo indígena del área amazónica.
1107,94,GUAINÍA,94888,MORICHAL,Área no municipalizada,"-69,919404","2,265132",GUAINÍAMORICHAL,Origen Natural,Por la abundancia de palmas moriche.
1108,95,GUAVIARE,95001,SAN JOSÉ DEL GUAVIARE,Municipio,"-72,639254","2,565932",GUAVIARESAN JOSÉ DEL GUAVIARE,Origen Religioso,Patrocinado por San José  
1109,95,GUAVIARE,95015,CALAMAR,Municipio,"-72,655197","1,960982",GUAVIARECALAMAR,Origen Natural,Por la presencia de calamares en el río Guaviare.
1110,95,GUAVIARE,95025,EL RETORNO,Municipio,"-72,627304","2,330164",GUAVIAREEL RETORNO,Otro Origen,Porque fue sitio de retorno para colonos desplazados.
1111,95,GUAVIARE,95200,MIRAFLORES,Municipio,"-71,950416","1,337539",GUAVIAREMIRAFLORES,Origen Europeo,Por Miraflores  España 
1112,97,VAUPÉS,97001,MITÚ,Municipio,"-70,232641","1,253151",VAUPÉSMITÚ,Origen Indigena,Nombre de un ave (paujil o pavo de monte) en lengua yeral o ñengatú
1113,97,VAUPÉS,97161,CARURÚ,Municipio,"-71,30221","1,016116",VAUPÉSCARURÚ,Origen Indigena,Nombre de plantas acuáticas que se aferran a las rocas en los raudales de los ríos
1114,97,VAUPÉS,97511,PACOA,Área no municipalizada,"-71,004339","0,020698",VAUPÉSPACOA,Origen Indigena,Nombre de origen indígena propio de la región amazónica.
1115,97,VAUPÉS,97666,TARAIRA,Municipio,"-69,635497","-0,564984",VAUPÉSTARAIRA,Origen Indigena,Topónimo indígena.
1116,97,VAUPÉS,97777,PAPUNAHUA,Área no municipalizada,"-70,76091","1,908124",VAUPÉSPAPUNAHUA,Origen Indigena,Nombrado por tribus indígenas de la región.
1117,97,VAUPÉS,97889,YAVARATÉ,Área no municipalizada,"-69,203337","0,609142",VAUPÉSYAVARATÉ,Origen Indigena,Nombre indígena.
1118,99,VICHADA,99001,PUERTO CARREÑO,Municipio,"-67,487095","6,186636",VICHADAPUERTO CARREÑO,Origen por nombre de una persona,En honor a Pedro María Carreño
1119,99,VICHADA,99524,LA PRIMAVERA,Municipio,"-70,410515","5,486309",VICHADALA PRIMAVERA,Origen Natural,Por el clima y abundante vegetación
1120,99,VICHADA,99624,SANTA ROSALÍA,Municipio,"-70,859499","5,136393",VICHADASANTA ROSALÍA,Origen Religioso,En honor a Santa Rosalía de Sicilia  
1121,99,VICHADA,99773,CUMARIBO,Municipio,"-69,795533","4,446352",VICHADACUMARIBO,Origen Natural,Por la palma “cumare”
